Cites,Authors,Title,Year,Source,Publisher,ArticleURL,CitesURL,GSRank,QueryDate,Type,DOI,ISSN,CitationURL,Volume,Issue,StartPage,EndPage,ECC,CitesPerYear,CitesPerAuthor,AuthorCount,Age,Abstract,FullTextURL,RelatedURL
580,"CC Tam, LC Rodrigues, L Viviani, JP Dodds…",Longitudinal study of infectious intestinal disease in the UK (IID2 study): incidence in the community and presenting to general practice,2012,Gut,gut.bmj.com,https://gut.bmj.com/content/61/1/69.short,"https://scholar.google.com/scholar?cites=9149713842744140343&as_sdt=2005&sciodt=0,5&hl=en",1,04/07/2023 14:41,,,,,,,,,580,52.73,116,5,11,"Objectives To estimate, overall and by organism, the incidence of infectious intestinal disease (IID) in the community, presenting to general practice (GP) and reported to national …",https://gut.bmj.com/content/gutjnl/61/1/69.full.pdf,"https://scholar.google.com/scholar?q=related:NyI9QUNQ-n4J:scholar.google.com/&scioq=&hl=en&as_sdt=2005&sciodt=0,5"
53,"KAM Gaythorpe, CL Trotter, B Lopman…",Norovirus transmission dynamics: a modelling review,2018,Epidemiology & …,cambridge.org,https://www.cambridge.org/core/journals/epidemiology-and-infection/article/norovirus-transmission-dynamics-a-modelling-review/F78162B896A9644691F3246007027EFC,"https://scholar.google.com/scholar?cites=1510274670663493131&as_sdt=2005&sciodt=0,5&hl=en",2,04/07/2023 14:41,,,,,,,,,53,10.6,13,4,5,"Norovirus is one of the leading causes of viral gastroenteritis worldwide and responsible for substantial morbidity, mortality and healthcare costs. To further understanding of the …",https://www.cambridge.org/core/services/aop-cambridge-core/content/view/F78162B896A9644691F3246007027EFC/S0950268817002692a.pdf/norovirus_transmission_dynamics_a_modelling_review.pdf,"https://scholar.google.com/scholar?q=related:C-Yqqs-S9RQJ:scholar.google.com/&scioq=&hl=en&as_sdt=2005&sciodt=0,5"
304,"CL Gibbons, MJJ Mangen, D Plass…",Measuring underreporting and under-ascertainment in infectious disease datasets: a comparison of methods,2014,BMC public …,bmcpublichealth.biomedcentral.com,https://bmcpublichealth.biomedcentral.com/articles/10.1186/1471-2458-14-147,"https://scholar.google.com/scholar?cites=10261871461598365245&as_sdt=2005&sciodt=0,5&hl=en",3,04/07/2023 14:41,HTML,10.1186/1471-2458-14-147,,,,,,,304,33.78,76,4,9,"Efficient and reliable surveillance and notification systems are vital for monitoring public health and disease outbreaks. However, most surveillance and notification systems are …",https://bmcpublichealth.biomedcentral.com/articles/10.1186/1471-2458-14-147,"https://scholar.google.com/scholar?q=related:PQZKf7l9aY4J:scholar.google.com/&scioq=&hl=en&as_sdt=2005&sciodt=0,5"
170,"CC Tam, SJ O'Brien, DS Tompkins…","Changes in causes of acute gastroenteritis in the United Kingdom over 15 years: microbiologic findings from 2 prospective, population-based studies of infectious …",2012,Clinical Infectious …,academic.oup.com,https://academic.oup.com/cid/article-abstract/54/9/1275/388241,"https://scholar.google.com/scholar?cites=4122366560169563009&as_sdt=2005&sciodt=0,5&hl=en",4,04/07/2023 14:41,,,,,,,,,170,15.45,43,4,11,"Background. Large-scale, prospective studies of infectious intestinal disease (IID) in developed countries are uncommon. Two studies of IID incidence and etiology have been …",https://academic.oup.com/cid/article/54/9/1275/388241,"https://scholar.google.com/scholar?q=related:gRPblIuWNTkJ:scholar.google.com/&scioq=&hl=en&as_sdt=2005&sciodt=0,5"
91,"CJ Atchison, J Stowe, N Andrews…",Rapid declines in age group–specific rotavirus infection and acute gastroenteritis among vaccinated and unvaccinated individuals within 1 year of rotavirus vaccine …,2016,The Journal of …,academic.oup.com,https://academic.oup.com/jid/article-abstract/213/2/243/2459331,"https://scholar.google.com/scholar?cites=4664894780112696933&as_sdt=2005&sciodt=0,5&hl=en",5,04/07/2023 14:41,,,,,,,,,91,13,23,4,7,"Background. The oral infant rotavirus vaccine, Rotarix, was introduced in England and Wales in July 2013. We estimated the impact on laboratory-confirmed rotavirus infections …",https://academic.oup.com/jid/article/213/2/243/2459331,"https://scholar.google.com/scholar?q=related:ZfYwOxYJvUAJ:scholar.google.com/&scioq=&hl=en&as_sdt=2005&sciodt=0,5"
61,"PH Jones, S Dawson, RM Gaskell, KP Coyne…",Surveillance of diarrhoea in small animal practice through the Small Animal Veterinary Surveillance Network (SAVSNET),2014,The Veterinary …,Elsevier,https://www.sciencedirect.com/science/article/pii/S109002331400241X,"https://scholar.google.com/scholar?cites=12585782436328632723&as_sdt=2005&sciodt=0,5&hl=en",6,04/07/2023 14:41,HTML,,,,,,,,61,6.78,12,5,9,"Abstract Using the Small Animal Veterinary Surveillance Network (SAVSNET), a national small animal disease-surveillance scheme, information on gastrointestinal disease was …",https://www.sciencedirect.com/science/article/pii/S109002331400241X,"https://scholar.google.com/scholar?q=related:k_G3iXGuqa4J:scholar.google.com/&scioq=&hl=en&as_sdt=2005&sciodt=0,5"
67,"H Wilking, H Spitznagel, D Werber, C Lange…",Acute gastrointestinal illness in adults in Germany: a population-based telephone survey,2013,Epidemiology & …,cambridge.org,https://www.cambridge.org/core/journals/epidemiology-and-infection/article/acute-gastrointestinal-illness-in-adults-in-germany-a-populationbased-telephone-survey/7345B8E7F6E292D1013F7C646672F79D,"https://scholar.google.com/scholar?cites=11247274369191503400&as_sdt=2005&sciodt=0,5&hl=en",7,04/07/2023 14:41,,,,,,,,,67,6.7,13,5,10,Population-based estimates of incidence and risk factors for acute gastrointestinal illness (AGI) are important for infectious disease surveillance and healthcare planning. We …,https://www.cambridge.org/core/services/aop-cambridge-core/content/view/7345B8E7F6E292D1013F7C646672F79D/S0950268813000046a.pdf/acute_gastrointestinal_illness_in_adults_in_germany_a_populationbased_telephone_survey.pdf,"https://scholar.google.com/scholar?q=related:KOYDu3JYFpwJ:scholar.google.com/&scioq=&hl=en&as_sdt=2005&sciodt=0,5"
59,"陈艳, 严卫星",国内外急性胃肠炎和食源性疾病负担研究进展,2013,中国食品卫生杂志,cqvip.com,http://www.cqvip.com/qk/81177x/201302/45653917.html,"https://scholar.google.com/scholar?cites=17191821746848183507&as_sdt=2005&sciodt=0,5&hl=en",8,04/07/2023 14:41,,,,,,,,,59,5.9,30,2,10,"食源性疾病是全球重要的公共卫生问题, 也是中国最大的食品安全问题. 急性胃肠炎人群负担的评估是食源性疾病负担评估的一个中心问题, 许多国家已开展急性胃肠炎和食源性疾病负担评估 …",,"https://scholar.google.com/scholar?q=related:07S45sqele4J:scholar.google.com/&scioq=&hl=en&as_sdt=2005&sciodt=0,5"
48,"SJ O'Brien, AL Donaldson…",Age-specific incidence rates for norovirus in the community and presenting to primary healthcare facilities in the United Kingdom,2016,The Journal of …,academic.oup.com,https://academic.oup.com/jid/article-abstract/213/suppl_1/S15/2473360,"https://scholar.google.com/scholar?cites=13449197206139304910&as_sdt=2005&sciodt=0,5&hl=en",9,04/07/2023 14:41,,,,,,,,,48,6.86,16,3,7,"In a prospective, population-based cohort study and a study of primary-healthcare consultations, we had a rare opportunity to estimate age-specific rates of norovirus …",https://academic.oup.com/jid/article/213/suppl_1/S15/2473360,"https://scholar.google.com/scholar?q=related:zvsbIpolpboJ:scholar.google.com/&scioq=&hl=en&as_sdt=2005&sciodt=0,5"
71,"L Müller, H Korsgaard, S Ethelberg",Burden of acute gastrointestinal illness in Denmark 2009: a population-based telephone survey,2012,Epidemiology &Infection,cambridge.org,https://www.cambridge.org/core/journals/epidemiology-and-infection/article/burden-of-acute-gastrointestinal-illness-in-denmark-2009-a-populationbased-telephone-survey/5966BB31218AA5E3756B66574A2FB74B,"https://scholar.google.com/scholar?cites=5490972207625053591&as_sdt=2005&sciodt=0,5&hl=en",10,04/07/2023 14:41,,,,,,,,,71,6.45,24,3,11,A cross-sectional telephone survey was conducted in Denmark throughout 2009 to determine the incidence of acute gastrointestinal illness (AGI). Using the Danish population …,https://www.cambridge.org/core/services/aop-cambridge-core/content/view/5966BB31218AA5E3756B66574A2FB74B/S0950268811000471a.pdf/burden-of-acute-gastrointestinal-illness-in-denmark-2009-a-population-based-telephone-survey.pdf,"https://scholar.google.com/scholar?q=related:l6UIYyHaM0wJ:scholar.google.com/&scioq=&hl=en&as_sdt=2005&sciodt=0,5"
33,"SJ O'Brien, TL Larose, GK Adak, MR Evans, CC Tam","Modelling study to estimate the health burden of foodborne diseases: cases, general practice consultations and hospitalisations in the UK, 2009",2016,BMJ open,bmjopen.bmj.com,https://bmjopen.bmj.com/content/6/9/e011119.short,"https://scholar.google.com/scholar?cites=1667855500173730692&as_sdt=2005&sciodt=0,5&hl=en",11,04/07/2023 14:41,,,,,,,,,33,4.71,7,5,7,Objective To generate estimates of the burden of UK-acquired foodborne disease accounting for uncertainty. Design A modelling study combining data from national public …,https://bmjopen.bmj.com/content/bmjopen/6/9/e011119.full.pdf,"https://scholar.google.com/scholar?q=related:hGOJoL1pJRcJ:scholar.google.com/&scioq=&hl=en&as_sdt=2005&sciodt=0,5"
56,"G Scavia, F Baldinelli, L Busani…","The burden of self-reported acute gastrointestinal illness in Italy: a retrospective survey, 2008–2009",2012,Epidemiology &Infection,cambridge.org,https://www.cambridge.org/core/journals/epidemiology-and-infection/article/burden-of-selfreported-acute-gastrointestinal-illness-in-italy-a-retrospective-survey-20082009/C5D57F430E386EE1A9D819FE73BB4DEA,"https://scholar.google.com/scholar?cites=13566625754224349673&as_sdt=2005&sciodt=0,5&hl=en",12,04/07/2023 14:41,,,,,,,,,56,5.09,14,4,11,A retrospective telephone survey (n= 3490) was conducted in Italy between 2008 and 2009 to estimate the occurrence of self-reported acute gastrointestinal illness (AGI) and to …,https://www.cambridge.org/core/services/aop-cambridge-core/content/view/C5D57F430E386EE1A9D819FE73BB4DEA/S0950268811002020a.pdf/burden_of_selfreported_acute_gastrointestinal_illness_in_italy_a_retrospective_survey_20082009.pdf,"https://scholar.google.com/scholar?q=related:6VE1kT5WRrwJ:scholar.google.com/&scioq=&hl=en&as_sdt=2005&sciodt=0,5"
32,"DJ Allen, E Trainor, A Callaghan, SJ O'Brien…",Early detection of epidemic GII-4 norovirus strains in UK and Malawi: role of surveillance of sporadic acute gastroenteritis in anticipating global epidemics,2016,PloS one,journals.plos.org,https://journals.plos.org/plosone/article?id=10.1371/journal.pone.0146972,"https://scholar.google.com/scholar?cites=8661161328778106045&as_sdt=2005&sciodt=0,5&hl=en",13,04/07/2023 14:41,HTML,,,,,,,,32,4.57,6,5,7,"Noroviruses are endemic in the human population, and are recognised as a leading cause of acute gastroenteritis worldwide. Although they are a highly diverse group of viruses …",https://journals.plos.org/plosone/article?id=10.1371/journal.pone.0146972,"https://scholar.google.com/scholar?q=related:vVQr-FagMngJ:scholar.google.com/&scioq=&hl=en&as_sdt=2005&sciodt=0,5"
29,"JP Harris, M Iturriza-Gomara, SJ O'Brien",Re-assessing the total burden of norovirus circulating in the United Kingdom population,2017,Vaccine,Elsevier,https://www.sciencedirect.com/science/article/pii/S0264410X17300142,"https://scholar.google.com/scholar?cites=15439623359110528356&as_sdt=2005&sciodt=0,5&hl=en",14,04/07/2023 14:41,HTML,,,,,,,,29,4.83,10,3,6,Abstract The second Infectious Intestinal Diseases study (IID2) estimated the incidence of norovirus in the UK at 47/1000 population (three million cases annually). Clinically …,https://www.sciencedirect.com/science/article/pii/S0264410X17300142,"https://scholar.google.com/scholar?q=related:ZD2beaSPRNYJ:scholar.google.com/&scioq=&hl=en&as_sdt=2005&sciodt=0,5"
26,"R Moss, A Zarebski, P Dawson…",Retrospective forecasting of the 2010–2014 Melbourne influenza seasons using multiple surveillance systems,2017,Epidemiology &Infection,cambridge.org,https://www.cambridge.org/core/journals/epidemiology-and-infection/article/retrospective-forecasting-of-the-20102014-melbourne-influenza-seasons-using-multiple-surveillance-systems/AFC33571A1DFA97D06CDAFA7CF36E10F,"https://scholar.google.com/scholar?cites=17186583525726132565&as_sdt=2005&sciodt=0,5&hl=en",15,04/07/2023 14:41,,,,,,,,,26,4.33,7,4,6,"Accurate forecasting of seasonal influenza epidemics is of great concern to healthcare providers in temperate climates, since these epidemics vary substantially in their size, timing …",https://www.cambridge.org/core/services/aop-cambridge-core/content/view/AFC33571A1DFA97D06CDAFA7CF36E10F/S0950268816002053a.pdf/div-class-title-retrospective-forecasting-of-the-2010-2014-melbourne-influenza-seasons-using-multiple-surveillance-systems-div.pdf,"https://scholar.google.com/scholar?q=related:VZl8gagCg-4J:scholar.google.com/&scioq=&hl=en&as_sdt=2005&sciodt=0,5"
23,"AE Zarebski, P Dawson, JM McCaw, R Moss",Model selection for seasonal influenza forecasting,2017,Infectious Disease Modelling,Elsevier,https://www.sciencedirect.com/science/article/pii/S2468042716300318,"https://scholar.google.com/scholar?cites=2902265049213195219&as_sdt=2005&sciodt=0,5&hl=en",16,04/07/2023 14:41,HTML,,,,,,,,23,3.83,6,4,6,Epidemics of seasonal influenza inflict a huge burden in temperate climes such as Melbourne (Australia) where there is also significant variability in their timing and …,https://www.sciencedirect.com/science/article/pii/S2468042716300318,"https://scholar.google.com/scholar?q=related:01Nidq_qRigJ:scholar.google.com/&scioq=&hl=en&as_sdt=2005&sciodt=0,5"
27,"FI Hansdotter, M Magnusson…",The incidence of acute gastrointestinal illness in Sweden,2015,… Journal of Public …,journals.sagepub.com,https://journals.sagepub.com/doi/abs/10.1177/1403494815576787,"https://scholar.google.com/scholar?cites=10869578268627488738&as_sdt=2005&sciodt=0,5&hl=en",17,04/07/2023 14:41,,10.1177/1403494815576787,,,,,,,27,3.38,9,3,8,Aims: The aim of this study was to estimate the self-reported domestic incidence of acute gastrointestinal illness in the Swedish population irrespective of route of transmission or type …,https://journals.sagepub.com/doi/full/10.1177/1403494815576787,"https://scholar.google.com/scholar?q=related:4s_Yh9h_2JYJ:scholar.google.com/&scioq=&hl=en&as_sdt=2005&sciodt=0,5"
39,"A Baumann-Popczyk, M Sadkowska-Todys…",Incidence of self-reported acute gastrointestinal infections in the community in Poland: a population-based study,2012,Epidemiology & …,cambridge.org,https://www.cambridge.org/core/journals/epidemiology-and-infection/article/incidence-of-selfreported-acute-gastrointestinal-infections-in-the-community-in-poland-a-populationbased-study/3BD0F6C5E95D17D3A5DB06244F0A8417,"https://scholar.google.com/scholar?cites=4017305465517876441&as_sdt=2005&sciodt=0,5&hl=en",18,04/07/2023 14:41,,,,,,,,,39,3.55,13,3,11,"A retrospective cross-sectional survey of self-reported acute gastrointestinal infection (AGI) incidence in the community was performed in Poland, from December 2008 to November …",https://www.cambridge.org/core/services/aop-cambridge-core/content/view/3BD0F6C5E95D17D3A5DB06244F0A8417/S0950268811001853a.pdf/incidence-of-self-reported-acute-gastrointestinal-infections-in-the-community-in-poland-a-population-based-study.pdf,"https://scholar.google.com/scholar?q=related:2aRtSglWwDcJ:scholar.google.com/&scioq=&hl=en&as_sdt=2005&sciodt=0,5"
18,"TC Rose, NL Adams, B Barr, J Hawker…",Socioeconomic status is associated with symptom severity and sickness absence in people with infectious intestinal disease in the UK,2017,BMC Infectious …,Springer,https://link.springer.com/article/10.1186/s12879-017-2551-1,"https://scholar.google.com/scholar?cites=17223744525716596837&as_sdt=2005&sciodt=0,5&hl=en",19,04/07/2023 14:41,HTML,10.1186/s12879-017-2551-1,,,,,,,18,3,4,5,6,"Background The burden of infectious intestinal disease (IID) in the UK is substantial. Negative consequences including sickness absence are common, but little is known about …",https://link.springer.com/article/10.1186/s12879-017-2551-1,"https://scholar.google.com/scholar?q=related:ZahqDWQIB-8J:scholar.google.com/&scioq=&hl=en&as_sdt=2005&sciodt=0,5"
20,"MJ Jansen van Rensburg, C Swift…",Exploiting bacterial whole-genome sequencing data for evaluation of diagnostic assays: Campylobacter species identification as a case study,2016,Journal of clinical …,Am Soc Microbiol,https://journals.asm.org/doi/abs/10.1128/JCM.01522-16,"https://scholar.google.com/scholar?cites=6572933741691387263&as_sdt=2005&sciodt=0,5&hl=en",20,04/07/2023 14:41,,10.1128/JCM.01522-16,,,,,,,20,2.86,7,3,7,The application of whole-genome sequencing (WGS) to problems in clinical microbiology has had a major impact on the field. Clinical laboratories are now using WGS for pathogen …,https://journals.asm.org/doi/pdf/10.1128/jcm.01522-16,"https://scholar.google.com/scholar?q=related:f72xxWnAN1sJ:scholar.google.com/&scioq=&hl=en&as_sdt=2005&sciodt=0,5"
30,"HL Risebro, L Breton, H Aird, A Hooper, PR Hunter",Contaminated small drinking water supplies and risk of infectious intestinal disease: A prospective cohort study,2012,,journals.plos.org,https://journals.plos.org/plosone/article?id=10.1371/journal.pone.0042762,"https://scholar.google.com/scholar?cites=13763139144178261713&as_sdt=2005&sciodt=0,5&hl=en",21,04/07/2023 14:41,HTML,,,,,,,,30,2.73,6,5,11,Background This study sought to identify whether elevated risk of infectious intestinal disease (IID) exists in contaminated small water supply consumers compared with …,https://journals.plos.org/plosone/article?id=10.1371/journal.pone.0042762,"https://scholar.google.com/scholar?q=related:0d4EoyF-AL8J:scholar.google.com/&scioq=&hl=en&as_sdt=2005&sciodt=0,5"
29,"C Tam, L Viviani, B Adak, E Bolton…",The second study of infectious intestinal disease in the community (IID2 study),2012,UK Food …,doc.ukdataservice.ac.uk,http://doc.ukdataservice.ac.uk/doc/7820/mrdoc/pdf/7820_iid2_final_report.pdf,"https://scholar.google.com/scholar?cites=1665501276106177062&as_sdt=2005&sciodt=0,5&hl=en",22,04/07/2023 14:41,PDF,,,,,,,,29,2.64,6,5,11,This report describes the Second Study of Infectious Intestinal Disease in the community (IID2 study). The main aim of the IID2 study was to determine if the incidence of infectious …,http://doc.ukdataservice.ac.uk/doc/7820/mrdoc/pdf/7820_iid2_final_report.pdf,"https://scholar.google.com/scholar?q=related:JrpEH5YMHRcJ:scholar.google.com/&scioq=&hl=en&as_sdt=2005&sciodt=0,5"
27,"MA Chattaway, R Harris, C Jenkins, C Tam…","Investigating the link between the presence of enteroaggregative Escherichia coli and infectious intestinal disease in the United Kingdom, 1993 to 1996 and …",2013,…,eurosurveillance.org,https://www.eurosurveillance.org/content/10.2807/1560-7917.ES2013.18.37.20582?crawler=true,"https://scholar.google.com/scholar?cites=55786693246806878&as_sdt=2005&sciodt=0,5&hl=en",23,04/07/2023 14:41,HTML,10.2807/1560-7917.ES2013.18.37.20582,,,,,,,27,2.7,5,5,10,"There are an estimated 17 million human diarrhoea cases annually in the United Kingdom. In 2008 and 2009, enteroaggregative E. coli (EAEC) were identified in 1.9% of stools …",https://www.eurosurveillance.org/content/10.2807/1560-7917.ES2013.18.37.20582?crawler=true,"https://scholar.google.com/scholar?q=related:XmsrsrMxxgAJ:scholar.google.com/&scioq=&hl=en&as_sdt=2005&sciodt=0,5"
16,"S De Lusignan, S Shinneman, I Yonova…",An ontology to improve transparency in case definition and increase case finding of infectious intestinal disease: database study in english general practice,2017,JMIR medical …,medinform.jmir.org,https://medinform.jmir.org/2017/3/e34/,"https://scholar.google.com/scholar?cites=9813309180720138346&as_sdt=2005&sciodt=0,5&hl=en",24,04/07/2023 14:41,HTML,,,,,,,,16,2.67,4,4,6,Background: Infectious intestinal disease (IID) has considerable health impact; there are 2 billion cases worldwide resulting in 1 million deaths and 78.7 million disability-adjusted life …,https://medinform.jmir.org/2017/3/e34/,"https://scholar.google.com/scholar?q=related:akjn67TgL4gJ:scholar.google.com/&scioq=&hl=en&as_sdt=2005&sciodt=0,5"
11,"JP Harris, M Iturriza-Gomara, DJ Allen, S Kelly…",Norovirus strain types found within the second infectious intestinal diseases (IID2) study an analysis of norovirus circulating in the community,2019,BMC infectious …,Springer,https://link.springer.com/article/10.1186/s12879-019-3706-z,"https://scholar.google.com/scholar?cites=12946640399114456176&as_sdt=2005&sciodt=0,5&hl=en",25,04/07/2023 14:41,HTML,10.1186/s12879-019-3706-z,,,,,,,11,2.75,2,5,4,Background Norovirus is the commonest cause of infectious intestinal disease (IID) worldwide. In the UK community incidence of norovirus has been estimated at 59/1000 …,https://link.springer.com/article/10.1186/s12879-019-3706-z,"https://scholar.google.com/scholar?q=related:cEzwR9m0q7MJ:scholar.google.com/&scioq=&hl=en&as_sdt=2005&sciodt=0,5"
8,"G Mihala, K Grimwood, C Morley…",Effect of definitions of acute gastroenteritis episodes using symptom diaries in paediatric cohorts: a systematic review,2020,Journal of Pediatric …,journals.lww.com,https://journals.lww.com/jpgn/fulltext/2020/03000/effect_of_definitions_of_acute_gastroenteritis.16.aspx,"https://scholar.google.com/scholar?cites=7355751602742820623&as_sdt=2005&sciodt=0,5&hl=en",26,04/07/2023 14:41,,,,,,,,,8,2.67,2,4,3,Estimates of acute gastroenteritis (AGE) burden are difficult to compare between studies because of inconsistent definitions describing this illness. AGE definitions used in …,"https://scholar.google.com/scholar?output=instlink&q=info:D_9-ORzhFGYJ:scholar.google.com/&hl=en&as_sdt=2005&sciodt=0,5&scillfp=2523168308878067664&oi=lle","https://scholar.google.com/scholar?q=related:D_9-ORzhFGYJ:scholar.google.com/&scioq=&hl=en&as_sdt=2005&sciodt=0,5"
20,"CB Dalton, SJ Carlson, MT Butler…","Building influenza surveillance pyramids in near real time, Australia",2013,Emerging infectious …,ncbi.nlm.nih.gov,https://www.ncbi.nlm.nih.gov/pmc/articles/PMC3837640/,"https://scholar.google.com/scholar?cites=11857028364038405113&as_sdt=2005&sciodt=0,5&hl=en",27,04/07/2023 14:41,HTML,,,,,,,,20,2,5,4,10,"A timely measure of circulating influenza virus severity has been elusive. Flutracking, the Australian online influenza-like illness surveillance system, was used to construct a …",https://www.ncbi.nlm.nih.gov/pmc/articles/PMC3837640/,"https://scholar.google.com/scholar?q=related:-Xs90nmgjKQJ:scholar.google.com/&scioq=&hl=en&as_sdt=2005&sciodt=0,5"
21,"FD Halstead, AV Lee…",Universal extraction method for gastrointestinal pathogens,2013,Journal of medical …,microbiologyresearch.org,https://www.microbiologyresearch.org/content/journal/jmm/10.1099/jmm.0.058743-0,"https://scholar.google.com/scholar?cites=11640991511607938727&as_sdt=2005&sciodt=0,5&hl=en",28,04/07/2023 14:41,,10.1099/jmm.0.058743-0,,,,,,,21,2.1,7,3,10,A universal stool extraction method for recovery of nucleic acids (NAs) from gastrointestinal pathogens was developed to support rapid diagnostics for the London 2012 Olympics. The …,https://www.microbiologyresearch.org/content/journal/jmm/10.1099/jmm.0.058743-0?crawler=true,"https://scholar.google.com/scholar?q=related:p466ahocjaEJ:scholar.google.com/&scioq=&hl=en&as_sdt=2005&sciodt=0,5"
21,"CC Tam, L Viviani, LC Rodrigues, SJ O'Brien",The second study of infectious intestinal disease (IID2): increased rates of recurrent diarrhoea in individuals aged 65 years and above,2013,BMC Public Health,Springer,https://link.springer.com/article/10.1186/1471-2458-13-739,"https://scholar.google.com/scholar?cites=11090539869554591537&as_sdt=2005&sciodt=0,5&hl=en",29,04/07/2023 14:41,HTML,10.1186/1471-2458-13-739,,,,,,,21,2.1,5,4,10,"Background Infectious intestinal disease (IID) is a major health and economic burden in high-income countries. In the UK, there are an estimated 17 million IID cases annually, of which 6 …",https://link.springer.com/article/10.1186/1471-2458-13-739,"https://scholar.google.com/scholar?q=related:MccbTECD6ZkJ:scholar.google.com/&scioq=&hl=en&as_sdt=2005&sciodt=0,5"
10,"R Moss, AE Zarebski, P Dawson, LJ Franklin…",Anatomy of a seasonal influenza epidemic forecast,2019,Commun. Dis …,health.gov.au,https://www.health.gov.au/internet/main/publishing.nsf/Content/75F30C0D2C126CAECA2583940015EDE3/$File/anatomy_of_a_seasonal_influenza_epidemic_forecast.pdf,"https://scholar.google.com/scholar?cites=3724428740714116753&as_sdt=2005&sciodt=0,5&hl=en",30,04/07/2023 14:41,PDF,,,,,,,,10,2.5,2,5,4,"Bayesian methods have been used to predict the timing of infectious disease epidemics in various settings and for many infectious diseases, including seasonal influenza. But …",https://www.health.gov.au/internet/main/publishing.nsf/Content/75F30C0D2C126CAECA2583940015EDE3/$File/anatomy_of_a_seasonal_influenza_epidemic_forecast.pdf,"https://scholar.google.com/scholar?q=related:kTaF8TTUrzMJ:scholar.google.com/&scioq=&hl=en&as_sdt=2005&sciodt=0,5"
19,"JM David, A Ravel, A Nesbitt, K Pintar…","Assessing multiple foodborne, waterborne and environmental exposures of healthy people to potential enteric pathogen sources: effect of age, gender, season, and …",2014,Epidemiology & …,cambridge.org,https://www.cambridge.org/core/journals/epidemiology-and-infection/article/assessing-multiple-foodborne-waterborne-and-environmental-exposures-of-healthy-people-to-potential-enteric-pathogen-sources-effect-of-age-gender-season-and-recall-period/BB175B4E558BB474ED645895FAED51A7,"https://scholar.google.com/scholar?cites=2756676422056992616&as_sdt=2005&sciodt=0,5&hl=en",31,04/07/2023 14:41,,,,,,,,,19,2.11,4,5,9,"Information is lacking in Canada on the frequency of exposures of healthy people to enteric pathogen sources (ie water, food, animal contact) at the community level. This information is …",https://www.cambridge.org/core/services/aop-cambridge-core/content/view/BB175B4E558BB474ED645895FAED51A7/S0950268813000770a.pdf/div-class-title-assessing-multiple-foodborne-waterborne-and-environmental-exposures-of-healthy-people-to-potential-enteric-pathogen-sources-effect-of-age-gender-season-and-recall-period-div.pdf,"https://scholar.google.com/scholar?q=related:aN9msZmuQSYJ:scholar.google.com/&scioq=&hl=en&as_sdt=2005&sciodt=0,5"
15,"L Viviani, M Van Der Es, L Irvine, CC Tam…",Estimating the incidence of acute infectious intestinal disease in the community in the UK: a retrospective telephone survey,2016,PLoS …,journals.plos.org,https://journals.plos.org/plosone/article?id=10.1371/journal.pone.0146171,"https://scholar.google.com/scholar?cites=15819557864731292851&as_sdt=2005&sciodt=0,5&hl=en",32,04/07/2023 14:41,HTML,,,,,,,,15,2.14,3,5,7,Objectives To estimate the burden of intestinal infectious disease (IID) in the UK and determine whether disease burden estimations using a retrospective study design differ from …,https://journals.plos.org/plosone/article?id=10.1371/journal.pone.0146171,"https://scholar.google.com/scholar?q=related:s7QL9w9citsJ:scholar.google.com/&scioq=&hl=en&as_sdt=2005&sciodt=0,5"
16,GE Duncan,Determining the health benefits of poultry industry compliance measures: the case of campylobacteriosis regulation in New Zealand,2014,NZ Med J,researchgate.net,https://www.researchgate.net/profile/Hannah-Mulrine/publication/271446602_Evaluation_of_the_impact_of_the_Christchurch_Fruit_and_Vegetable_Co-op/links/568d75fa08ae78cc05142461/Evaluation-of-the-impact-of-the-Christchurch-Fruit-and-Vegetable-Co-op.pdf#page=109,"https://scholar.google.com/scholar?cites=3806633733667803959&as_sdt=2005&sciodt=0,5&hl=en",33,04/07/2023 14:41,PDF,,,,,,,,16,1.78,16,1,9,Expert reports to the Food and Agricultural Organisation of the United Nations and the World Health Organisation conclude there is limited data quantifying and assessing the …,https://www.researchgate.net/profile/Hannah-Mulrine/publication/271446602_Evaluation_of_the_impact_of_the_Christchurch_Fruit_and_Vegetable_Co-op/links/568d75fa08ae78cc05142461/Evaluation-of-the-impact-of-the-Christchurch-Fruit-and-Vegetable-Co-op.pdf#page=109,"https://scholar.google.com/scholar?q=related:N9NJXTbh0zQJ:scholar.google.com/&scioq=&hl=en&as_sdt=2005&sciodt=0,5"
2,"E Méroc, J Fröberg, T Almasi…",European data sources for computing burden of (potential) vaccine-preventable diseases in ageing adults,2021,BMC Infectious …,bmcinfectdis.biomedcentral.com,https://bmcinfectdis.biomedcentral.com/articles/10.1186/s12879-021-06017-7,"https://scholar.google.com/scholar?cites=15035963218581233147&as_sdt=2005&sciodt=0,5&hl=en",34,04/07/2023 14:41,HTML,10.1186/s12879-021-06017-7,,,,,,,2,1,1,4,2,"To guide decision-making on immunisation programmes for ageing adults in Europe, one of the aims of the Vaccines and InfecTious diseases in the Ageing popuLation (IMI2-VITAL) …",https://bmcinfectdis.biomedcentral.com/articles/10.1186/s12879-021-06017-7,"https://scholar.google.com/scholar?q=related:-51fI-J4qtAJ:scholar.google.com/&scioq=&hl=en&as_sdt=2005&sciodt=0,5"
7,"PJ Bless, C Schmutz, K Sartori…","Time trends of positivity rates from foodborne pathogen testing in Switzerland, 2003 to 2012",2017,Swiss medical weekly,edoc.unibas.ch,https://edoc.unibas.ch/58681/,"https://scholar.google.com/scholar?cites=7078541768540912627&as_sdt=2005&sciodt=0,5&hl=en",35,04/07/2023 14:41,,,,,,,,,7,1.17,2,4,6,"Campylobacteriosis and salmonellosis are important foodborne diseases in Europe, including in Switzerland. In 2014, notification rates for Switzerland were 92.9 per 100 000 …",https://edoc.unibas.ch/58681/1/20180110104916_5a55e19c64382.pdf,"https://scholar.google.com/scholar?q=related:83ulGTwIPGIJ:scholar.google.com/&scioq=&hl=en&as_sdt=2005&sciodt=0,5"
5,"BB Kowalcyk, SM Pires, E Scallan…",Improving burden of disease and source attribution estimates,2018,Food Safety Economics …,Springer,https://link.springer.com/chapter/10.1007/978-3-319-92138-9_9,"https://scholar.google.com/scholar?cites=6508726155459840766&as_sdt=2005&sciodt=0,5&hl=en",36,04/07/2023 14:41,,10.1007/978-3-319-92138-9_9,,,,,,,5,1,1,4,5,Disease burden estimates provide the foundation for evidence-informed policy making and are critical to public health priority setting around food safety. Several efforts have recently …,https://www.sciensano.be/sites/default/files/fse09_kowalcyk2018.pdf,"https://scholar.google.com/scholar?q=related:_kp6JPSjU1oJ:scholar.google.com/&scioq=&hl=en&as_sdt=2005&sciodt=0,5"
5,"MA Schmidt, HC Groom, AL Naleway, C Biggs…","A model for rapid, active surveillance for medically-attended acute gastroenteritis within an integrated health care delivery system",2018,PLoS …,journals.plos.org,https://journals.plos.org/plosone/article?id=10.1371/journal.pone.0201805,"https://scholar.google.com/scholar?cites=16115193979166591355&as_sdt=2005&sciodt=0,5&hl=en",37,04/07/2023 14:41,HTML,,,,,,,,5,1,1,5,5,"Background This study presents a novel methodology for estimating all-age, population-based incidence rates of norovirus and other pathogens that contribute to acute …",https://journals.plos.org/plosone/article?id=10.1371/journal.pone.0201805,"https://scholar.google.com/scholar?q=related:ewm9xoqrpN8J:scholar.google.com/&scioq=&hl=en&as_sdt=2005&sciodt=0,5"
3,"J Brainard, D Weston, S Leach, PR Hunter",Factors that influence treatment-seeking expectations in response to infectious intestinal disease: Original survey and multinomial regression,2020,Journal of Infection and Public …,Elsevier,https://www.sciencedirect.com/science/article/pii/S1876034119303405,"https://scholar.google.com/scholar?cites=13340943582474968236&as_sdt=2005&sciodt=0,5&hl=en",38,04/07/2023 14:41,HTML,,,,,,,,3,1,1,4,3,Background Infectious intestinal disease affects 25% of the UK population annually; 1 in 50 affected people consult health professionals about their illness. Aims We tested if anticipated …,https://www.sciencedirect.com/science/article/pii/S1876034119303405,"https://scholar.google.com/scholar?q=related:rJzyQYGNJLkJ:scholar.google.com/&scioq=&hl=en&as_sdt=2005&sciodt=0,5"
6,"E Grilc, M Sočan",Population based self-reported acute gastrointestinal infection in Slovenia: multiplier study,2014,Slovenian Journal of Public Health,sciendo.com,https://sciendo.com/article/10.2478/sjph-2014-0013,"https://scholar.google.com/scholar?cites=3288783794035724188&as_sdt=2005&sciodt=0,5&hl=en",39,04/07/2023 14:41,HTML,10.2478/sjph-2014-0013,,,,,,,6,0.67,3,2,9,Background: The assessment of the incidence of acute gastrintestinal infections (AGI) derived from the notifications underestimates the real burden of AGI. The symptoms of AGI …,https://sciendo.com/article/10.2478/sjph-2014-0013,"https://scholar.google.com/scholar?q=related:nI-Pmm8bpC0J:scholar.google.com/&scioq=&hl=en&as_sdt=2005&sciodt=0,5"
5,T Hald,Advances in microbial food safety: 2. Pathogen update: Salmonella,2013,,books.google.com,https://books.google.com/books?hl=en&lr=&id=qw10DAAAQBAJ&oi=fnd&pg=PT5&ots=nlebe-evK0&sig=k7kzfOehdq1ZEqOjhs8EdmZo1jg,"https://scholar.google.com/scholar?cites=14676240595380575442&as_sdt=2005&sciodt=0,5&hl=en",40,04/07/2023 14:41,BOOK,,,,,,,,5,0.5,5,1,10,This chapter gives an overview of the recent research on the epidemiology of human salmonellosis. It begins by describing the occurrence of human salmonellosis including a …,,"https://scholar.google.com/scholar?q=related:0pzTPRB7rMsJ:scholar.google.com/&scioq=&hl=en&as_sdt=2005&sciodt=0,5"
3,"F Al Alkeem, T Loney, F Aziz, I Blair…","Prevalence and factors associated with infectious intestinal diseases in Ras Al Khaimah, United Arab Emirates, 2017: A population-based cross-sectional …",2019,International Journal of …,Elsevier,https://www.sciencedirect.com/science/article/pii/S1201971219302498,"https://scholar.google.com/scholar?cites=18114400465670348359&as_sdt=2005&sciodt=0,5&hl=en",41,04/07/2023 14:41,HTML,,,,,,,,3,0.75,1,5,4,"Abstract Background The United Arab Emirates (UAE) is a rapidly developing high-income country that has experienced significant population growth, urbanization, and improvements …",https://www.sciencedirect.com/science/article/pii/S1201971219302498,"https://scholar.google.com/scholar?q=related:R55z0z9HY_sJ:scholar.google.com/&scioq=&hl=en&as_sdt=2005&sciodt=0,5"
0,G Mihala,Acute gastroenteritis in the first 2 years of life: a community-based birth cohort study,2022,,research-repository.griffith.edu.au,https://research-repository.griffith.edu.au/bitstream/handle/10072/423030/Mihala_Gabor_Final%20thesis_Redacted.pdf?sequence=1,,42,04/07/2023 14:41,PDF,,,,,,,,0,0,0,1,1,"Background Globally, diarrhoea is among the top five causes of mortality and morbidity among children under 5 years of age. It is one of the leading reasons children are brought to …",https://research-repository.griffith.edu.au/bitstream/handle/10072/423030/Mihala_Gabor_Final%20thesis_Redacted.pdf?sequence=1,"https://scholar.google.com/scholar?q=related:0pyCLM6Gg6UJ:scholar.google.com/&scioq=&hl=en&as_sdt=2005&sciodt=0,5"
2,"GMMEM GCert, C Morley",Effect of definitions of acute gastroenteritis episodes using symptom diaries in paediatric cohorts: a systematic review,2020,,research-repository.griffith.edu.au,https://research-repository.griffith.edu.au/bitstream/handle/10072/389847/Mihala302941-Accepted.pdf?sequence=2,"https://scholar.google.com/scholar?cites=16117697569723224687&as_sdt=2005&sciodt=0,5&hl=en",43,04/07/2023 14:41,PDF,,,,,,,,2,0.67,1,2,3,Estimates of acute gastroenteritis (AGE) burden are difficult to compare between studies because of inconsistent definitions describing this illness. AGE definitions used in …,https://research-repository.griffith.edu.au/bitstream/handle/10072/389847/Mihala302941-Accepted.pdf?sequence=2,"https://scholar.google.com/scholar?q=related:b5KHYIuQrd8J:scholar.google.com/&scioq=&hl=en&as_sdt=2005&sciodt=0,5"
0,HD Mitchell,Identifying and characterising sexual transmission of enteric pathogens in men who have sex with men using classical and molecular epidemiological methods,2020,,discovery.ucl.ac.uk,https://discovery.ucl.ac.uk/id/eprint/10110104/,,44,04/07/2023 14:41,,,,,,,,,0,0,0,1,3,"Enteric pathogens are transmitted via the faecal-oral route and commonly cause diarrhoea and/or vomiting. In recent years, there have been numerous outbreaks in men who have sex …",https://discovery.ucl.ac.uk/id/eprint/10110104/7/HMitchell_thesis_redacted%20version.pdf,"https://scholar.google.com/scholar?q=related:wudsD7SL3RUJ:scholar.google.com/&scioq=&hl=en&as_sdt=2005&sciodt=0,5"
1,S Ellis,Investigating enteroaggregative Escherichia coli virulence factors in human intestinal infection,2018,,ueaeprints.uea.ac.uk,https://ueaeprints.uea.ac.uk/id/eprint/69931/,"https://scholar.google.com/scholar?cites=6591325367844832813&as_sdt=2005&sciodt=0,5&hl=en",45,04/07/2023 14:41,,,,,,,,,1,0.2,1,1,5,"Enteroaggregative Escherichia coli (EAEC) are a major cause of diarrhoeal illness in children, travellers, and the immunocompromised, and associated with foodborne outbreaks …",https://ueaeprints.uea.ac.uk/id/eprint/69931/1/SAMUEL_JAMES_ELLIS_%284632176%29_THESIS_with_corrections_2-sided.pdf,"https://scholar.google.com/scholar?q=related:LYZp7X8XeVsJ:scholar.google.com/&scioq=&hl=en&as_sdt=2005&sciodt=0,5"
0,TRS Inns,The incidence and transmission of infectious gastroenteritis in English care homes,2020,,search.proquest.com,https://search.proquest.com/openview/9c3b4d94698f4869eea7dc48d9f5b739/1?pq-origsite=gscholar&cbl=18750&diss=y,,46,04/07/2023 14:41,BOOK,,,,,,,,0,0,0,1,3,Background: Gastrointestinal infections are common in care homes for the elderly and frequently lead to outbreaks. Norovirus is a frequent cause of this illness. In this thesis I …,https://livrepository.liverpool.ac.uk/3082262/1/201154559_Jan2020.pdf,"https://scholar.google.com/scholar?q=related:uzWSDEhTN4EJ:scholar.google.com/&scioq=&hl=en&as_sdt=2005&sciodt=0,5"
0,"B Vishram, A Simbo, N Ross Harris, RE Pearce-Smith…",To compare the methodologies used to estimate foodborne disease in the UK to those used in other countries,2020,,food.gov.uk,https://www.food.gov.uk/sites/default/files/media/document/systematic-review-comparing-the-methodologies-used-to-estimate-foodborne-disease-in-the-uk-to-other-countries.pdf,,47,04/07/2023 14:41,PDF,,,,,,,,0,0,0,5,3,"Background Foodborne disease presents a continuous threat to public health, with a significant economic impact on communities in the UK and worldwide. Estimating the true …",https://www.food.gov.uk/sites/default/files/media/document/systematic-review-comparing-the-methodologies-used-to-estimate-foodborne-disease-in-the-uk-to-other-countries.pdf,"https://scholar.google.com/scholar?q=related:TgYBjkT3z5oJ:scholar.google.com/&scioq=&hl=en&as_sdt=2005&sciodt=0,5"
1,"K Williams, C Sinclair, R McEwan…",Impact of the London 2012 Olympic and Paralympic Games on demand for microbiology gastrointestinal diagnostic services at the Public Health Laboratory London,2014,Journal of medical …,microbiologyresearch.org,https://www.microbiologyresearch.org/content/journal/jmm/10.1099/jmm.0.070821-0,"https://scholar.google.com/scholar?cites=227562809804045877&as_sdt=2005&sciodt=0,5&hl=en",48,04/07/2023 14:41,,10.1099/jmm.0.070821-0,,,,,,,1,0.11,0,4,9,Planning for the London 2012 Olympic and Paralympic Games at the Public Health Laboratory London was based on the requirement to meet potential increased demand with …,https://www.microbiologyresearch.org/content/journal/jmm/10.1099/jmm.0.070821-0?crawler=true,"https://scholar.google.com/scholar?q=related:Nb51eit3KAMJ:scholar.google.com/&scioq=&hl=en&as_sdt=2005&sciodt=0,5"
1,SM Fletcher,"Gastrointestinal illnesses caused by microbes in Sydney, Australia",2013,,opus.lib.uts.edu.au,https://opus.lib.uts.edu.au/handle/10453/23466,"https://scholar.google.com/scholar?cites=2153040415619676183&as_sdt=2005&sciodt=0,5&hl=en",49,04/07/2023 14:41,,,,,,,,,1,0.1,1,1,10,Gastrointestinal illness (GIT) is a leading cause of preventable illness and death worldwide. Only a few studies provide estimates of the prevalence of pathogens associated with GIT …,https://opus.lib.uts.edu.au/bitstream/10453/23466/6/02whole.pdf,"https://scholar.google.com/scholar?q=related:F_gRyNki4R0J:scholar.google.com/&scioq=&hl=en&as_sdt=2005&sciodt=0,5"
0,"Y FU, M LU",Research progress of foodborne disease monitoring,,core.ac.uk,,https://core.ac.uk/download/pdf/294908942.pdf,,50,04/07/2023 14:41,PDF,,,,,,,,0,0,0,2,,"Foodborne disease is a global public health problem, which is also a severe challenge in China. Since 1984 WHO defined foodborne disease as a professional term, all countries …",https://core.ac.uk/download/pdf/294908942.pdf,"https://scholar.google.com/scholar?q=related:Tqcgs2VX2D0J:scholar.google.com/&scioq=&hl=en&as_sdt=2005&sciodt=0,5"
0,E Buckingham-Jeffery,Mathematical and statistical challenges for the surveillance of gastroenteritis,2018,,wrap.warwick.ac.uk,https://wrap.warwick.ac.uk/101938/,,51,04/07/2023 14:41,,,,,,,,,0,0,0,1,5,"Gastroenteritis, causing vomiting and diarrhoea, is very common all over the world. Viral causes, such as norovirus and rotavirus, are the most frequent, although some bacteria …",https://wrap.warwick.ac.uk/101938/1/WRAP_Theses_Buckingham-Jeffery_2018.pdf,"https://scholar.google.com/scholar?q=related:ecOILiyT35IJ:scholar.google.com/&scioq=&hl=en&as_sdt=2005&sciodt=0,5"
0,BL Trainor,Faith and Failure in the Gospel of Mark,2018,,search.proquest.com,https://search.proquest.com/openview/818934e692fd9d14561f5caf2207b0b2/1?pq-origsite=gscholar&cbl=2026366&diss=y,,52,04/07/2023 14:41,BOOK,,,,,,,,0,0,0,1,5,"The characters in Mark's Gospel are animated and are of fundamental importance in his primary task of presenting the good news of Jesus Christ, the Son of God (Mk 1: 1). Among …",https://repository.uwtsd.ac.uk/id/eprint/1707/1/1707%20Trainor%2C%20Barry%20%282018%29%20Faith%20and%20failure%20in%20the%20Gospel%20of%20Mark.pdf,"https://scholar.google.com/scholar?q=related:JyoEvtL-PCcJ:scholar.google.com/&scioq=&hl=en&as_sdt=2005&sciodt=0,5"
0,TC Rose,Socioeconomic Inequalities in the Consequences of Gastrointestinal Infections,2017,,search.proquest.com,https://search.proquest.com/openview/8baee9a8f3b92e8396e3c5e0ca1c6777/1?pq-origsite=gscholar&cbl=18750&diss=y,,53,04/07/2023 14:41,BOOK,,,,,,,,0,0,0,1,6,"Background: Gastrointestinal (GI) infections are very common and are associated with numerous adverse consequences for the individual, healthcare sector and economy as a …",https://livrepository.liverpool.ac.uk/3023009/1/201083416_Dec2017.pdf,"https://scholar.google.com/scholar?q=related:tCAkQzPmWtcJ:scholar.google.com/&scioq=&hl=en&as_sdt=2005&sciodt=0,5"
0,PJ Bless,Epidemiology of campylobacteriosis and acute gastroenteritis from a human and health system's perspective in Switzerland,2017,,edoc.unibas.ch,https://edoc.unibas.ch/64852/,,54,04/07/2023 14:41,,,,,,,,,0,0,0,1,6,"In humans, the zoonotic disease campylobacteriosis is caused by an infection with Campylobacter spp. The infection often leads to acute gastroenteritis (AG), a syndrome …",https://edoc.unibas.ch/64852/1/PhD%20Thesis%20Philipp%20Bless_electronic_version.pdf,"https://scholar.google.com/scholar?q=related:hxKllVstC7sJ:scholar.google.com/&scioq=&hl=en&as_sdt=2005&sciodt=0,5"
0,L Ackerley,The journey of the germ: commentary on routes of infection and targeted hand hygiene,2015,Perspectives in Public Health,search.proquest.com,https://search.proquest.com/openview/0c94993fe58f0affca786adfad775d6b/1?pq-origsite=gscholar&cbl=51940,,55,04/07/2023 14:41,HTML,,,,,,,,0,0,0,1,8,"Abstract The World Health Organization (WHO) estimates that there are 4 billion cases of diarrhoea causing 4% of deaths worldwide and killing 2.2 million people globally, mostly …",https://search.proquest.com/openview/0c94993fe58f0affca786adfad775d6b/1?pq-origsite=gscholar&cbl=51940,"https://scholar.google.com/scholar?q=related:WhqSlmGlqbIJ:scholar.google.com/&scioq=&hl=en&as_sdt=2005&sciodt=0,5"
0,M van Rensburg,The genomic epidemiology of Campylobacter from the Republic of South Africa,2015,,ora.ox.ac.uk,https://ora.ox.ac.uk/objects/uuid:983f9d81-94ea-4149-adae-d5ec397504a8,,56,04/07/2023 14:41,,,,,,,,,0,0,0,1,8,"As the leading cause of bacterial gastroenteritis, Campylobacter represents a significant public health burden; however, our knowledge of its epidemiology in low-and middle …",https://ora.ox.ac.uk/objects/uuid:983f9d81-94ea-4149-adae-d5ec397504a8/download_file?safe_filename=MJvRFinalThesisBodCopy.pdf&file_format=application%2Fpdf&type_of_work=Thesis,"https://scholar.google.com/scholar?q=related:pLph6U92-gEJ:scholar.google.com/&scioq=&hl=en&as_sdt=2005&sciodt=0,5"
0,"SJ O'Brien, LC Rodrigues, L Viviani, CC Tam",The second study of infectious intestinal disease (IID2): increased rates of recurrent diarrhoea in individuals aged 65 years and above,2013,,,,,57,04/07/2023 14:41,CITATION,,,,,,,,0,0,0,4,10,,,"https://scholar.google.com/scholar?q=related:_BQz1wGolDcJ:scholar.google.com/&scioq=&hl=en&as_sdt=2005&sciodt=0,5"
0,JM Hirshon,What causes diarrhea in the United States? Risk factors for and causes of diarrhea in selected jurisdictions in the United States,2011,,search.proquest.com,https://search.proquest.com/openview/418d24fc068cff77f38ee0b410c5d193/1.pdf?pq-origsite=gscholar&cbl=18750&diss=y,,58,04/07/2023 14:41,,,,,,,,,0,0,0,1,12,"Background: In the United States, an estimated 9.4 million foodborne related illnesses from known pathogens and 38.4 million foodborne related illnesses from unknown causes occur …",https://archive.hshsl.umaryland.edu/bitstream/handle/10713/597/Hirshon_umaryland_0373D_10219.pdf?sequence=1,"https://scholar.google.com/scholar?q=related:vfmJQcVIT-8J:scholar.google.com/&scioq=&hl=en&as_sdt=2005&sciodt=0,5"
0,"S Percival, J Walker, PR Hunter, PR Hunter, M Waite…",Co-Applicants publications 2000 onwards,,researchgate.net,,https://www.researchgate.net/profile/Steven-L-Percival/publication/222088988_Co-Applicants_publications_2000_onwards/links/54e3b2f70cf2b2314f5e8a5f/Co-Applicants-publications-2000-onwards.pdf,,59,04/07/2023 14:41,PDF,,,,,,,,0,0,0,6,,"Guidelines, Standards and Health. Risk assessment and management for water-related infectious disease. IWA Publishing, London 2001, pp 207-227. 3. Eisenberg J, Bartram J …",https://www.researchgate.net/profile/Steven-L-Percival/publication/222088988_Co-Applicants_publications_2000_onwards/links/54e3b2f70cf2b2314f5e8a5f/Co-Applicants-publications-2000-onwards.pdf,"https://scholar.google.com/scholar?q=related:2nX7pb4kBgYJ:scholar.google.com/&scioq=&hl=en&as_sdt=2005&sciodt=0,5"
9,"C Nicol, N King, R Pirie, M Dufour",Diagnostic and public health management practices of foodborne bacterial diseases,2010,Institute of Environmental Science and Research,,,"https://scholar.google.com/scholar?cites=9564342849090030077&as_sdt=2005&sciodt=0,5&hl=en",60,04/07/2023 14:41,CITATION,,,,,,,,9,0.69,2,4,13,,,"https://scholar.google.com/scholar?q=related:_QkPriVfu4QJ:scholar.google.com/&scioq=&hl=en&as_sdt=2005&sciodt=0,5"
