Authors,Author(s) ID,Title,Year,Source title,Volume,Issue,Art. No.,Page start,Page end,Page count,Cited by,DOI,Link,Affiliations,Authors with affiliations,Correspondence Address,Editors,Publisher,ISSN,ISBN,CODEN,PubMed ID,Language of Original Document,Abbreviated Source Title,Document Type,Publication Stage,Open Access,Source,EID
"Méroc E., Fröberg J., Almasi T., Winje B.A., Orrico-Sánchez A., Steens A., McDonald S.A., Bollaerts K., Knol M.J.","23485758100;57222334899;57195977661;16641244300;57203963864;15844143200;8974107300;15126894700;16316301900;","European data sources for computing burden of (potential) vaccine-preventable diseases in ageing adults",2021,"BMC Infectious Diseases","21","1","345","","",,3,"10.1186/s12879-021-06017-7","https://www.scopus.com/inward/record.uri?eid=2-s2.0-85104316310&doi=10.1186%2fs12879-021-06017-7&partnerID=40&md5=154d3bd90640da364d2be813285f4ddb","P95 Epidemiology and Pharmacovigilance, Koning Leopold III laan 1, Leuven, 3001, Belgium; Radboud University Medical Center, Radboud Institute for Molecular Life Sciences, Laboratory of Medical Immunology, Section Paediatric Infectious Diseases, Geert Grooteplein 21, Nijmegen, 6525 EZ, Netherlands; Syreon Research Institute, Mexikoi str. 65/A, Budapest, 1142, Hungary; Department of Infection Control and Vaccine, Norwegian Institute of Public Health, PO Box 222, Skøyen, Oslo, 0213, Norway; Vaccines Research Unit, FISABIO (the Valencia Foundation for the Promotion of Health and Biomedical Research), Av. Catalunya, 21, Valencia, 46020, Spain; Centre for Infectious Disease Control, National Institute for Public Health and the Environment (RIVM), PO Box 1, Bilthoven, 3720 BA, Netherlands","Méroc, E., P95 Epidemiology and Pharmacovigilance, Koning Leopold III laan 1, Leuven, 3001, Belgium; Fröberg, J., Radboud University Medical Center, Radboud Institute for Molecular Life Sciences, Laboratory of Medical Immunology, Section Paediatric Infectious Diseases, Geert Grooteplein 21, Nijmegen, 6525 EZ, Netherlands; Almasi, T., Syreon Research Institute, Mexikoi str. 65/A, Budapest, 1142, Hungary; Winje, B.A., Department of Infection Control and Vaccine, Norwegian Institute of Public Health, PO Box 222, Skøyen, Oslo, 0213, Norway; Orrico-Sánchez, A., Vaccines Research Unit, FISABIO (the Valencia Foundation for the Promotion of Health and Biomedical Research), Av. Catalunya, 21, Valencia, 46020, Spain; Steens, A., Department of Infection Control and Vaccine, Norwegian Institute of Public Health, PO Box 222, Skøyen, Oslo, 0213, Norway; McDonald, S.A., Centre for Infectious Disease Control, National Institute for Public Health and the Environment (RIVM), PO Box 1, Bilthoven, 3720 BA, Netherlands; Bollaerts, K., P95 Epidemiology and Pharmacovigilance, Koning Leopold III laan 1, Leuven, 3001, Belgium; Knol, M.J., Centre for Infectious Disease Control, National Institute for Public Health and the Environment (RIVM), PO Box 1, Bilthoven, 3720 BA, Netherlands","Méroc, E.; P95 Epidemiology and Pharmacovigilance, Koning Leopold III laan 1, Belgium; email: estelle.meroc@p-95.com",,"BioMed Central Ltd",14712334,,BIDMB,"33849461","English","BMC Infect. Dis.",Article,"Final","All Open Access, Gold",Scopus,2-s2.0-85104316310
"Brainard J., Weston D., Leach S., Hunter P.R.","55412585100;54400611100;57197933382;17135089100;","Factors that influence treatment-seeking expectations in response to infectious intestinal disease: Original survey and multinomial regression",2020,"Journal of Infection and Public Health","13","4",,"502","508",,2,"10.1016/j.jiph.2019.10.007","https://www.scopus.com/inward/record.uri?eid=2-s2.0-85076593256&doi=10.1016%2fj.jiph.2019.10.007&partnerID=40&md5=b76641607e7d4c12ea8283b4ac934bc2","Norwich Medical School, University of East Anglia, Norwich, NR4 7TJ, United Kingdom; Emergency Response Department, Public Health England, Porton Down, Salisbury, United Kingdom","Brainard, J., Norwich Medical School, University of East Anglia, Norwich, NR4 7TJ, United Kingdom; Weston, D., Emergency Response Department, Public Health England, Porton Down, Salisbury, United Kingdom; Leach, S., Emergency Response Department, Public Health England, Porton Down, Salisbury, United Kingdom; Hunter, P.R., Norwich Medical School, University of East Anglia, Norwich, NR4 7TJ, United Kingdom","Brainard, J.; Norwich Medical School, United Kingdom; email: j.brainard@uea.ac.uk",,"Elsevier Ltd",18760341,,,"31818708","English","J. Infect. Public Health",Article,"Final","All Open Access, Gold",Scopus,2-s2.0-85076593256
"Mihala G., Grimwood K., Morley C., Lambert S.B., Ware R.S.","55521192100;7005253775;57201323204;57223132866;57208122739;","Effect of Definitions of Acute Gastroenteritis Episodes Using Symptom Diaries in Paediatric Cohorts: A Systematic Review",2020,"Journal of Pediatric Gastroenterology and Nutrition","70","3",,"E54","E58",,4,"10.1097/MPG.0000000000002584","https://www.scopus.com/inward/record.uri?eid=2-s2.0-85081125744&doi=10.1097%2fMPG.0000000000002584&partnerID=40&md5=0f7dd3c3a63596ca42553d60de30c185","Menzies Health Institute Queensland and School of Medicine, Griffith University, N78 2.34, Nathan, QLD  4111, Australia; Departments of Infectious Diseases and Paediatrics, Gold Coast Health, Gold Coast, Australia; Child Health Research Centre, School of Medicine, University of Queensland, Brisbane, Australia","Mihala, G., Menzies Health Institute Queensland and School of Medicine, Griffith University, N78 2.34, Nathan, QLD  4111, Australia; Grimwood, K., Menzies Health Institute Queensland and School of Medicine, Griffith University, N78 2.34, Nathan, QLD  4111, Australia, Departments of Infectious Diseases and Paediatrics, Gold Coast Health, Gold Coast, Australia; Morley, C., Departments of Infectious Diseases and Paediatrics, Gold Coast Health, Gold Coast, Australia; Lambert, S.B., Child Health Research Centre, School of Medicine, University of Queensland, Brisbane, Australia; Ware, R.S., Menzies Health Institute Queensland and School of Medicine, Griffith University, N78 2.34, Nathan, QLD  4111, Australia","Mihala, G.; Menzies Health Institute Queensland and School of Medicine, N78 2.34, Australia; email: g.mihala@griffith.edu.au",,"Lippincott Williams and Wilkins",02772116,,JPGND,"31834113","English","J. Pediatr. Gastroenterol. Nutr.",Review,"Final","All Open Access, Bronze",Scopus,2-s2.0-85081125744
"Al Alkeem F., Loney T., Aziz F., Blair I., Sonnevend Á., Sheek-Hussein M.","57209713127;23473621400;57210947885;36135892600;6507597004;15741662500;","Prevalence and factors associated with infectious intestinal diseases in Ras Al Khaimah, United Arab Emirates, 2017: A population-based cross-sectional study",2019,"International Journal of Infectious Diseases","85",,,"188","194",,1,"10.1016/j.ijid.2019.06.004","https://www.scopus.com/inward/record.uri?eid=2-s2.0-85068535639&doi=10.1016%2fj.ijid.2019.06.004&partnerID=40&md5=5a59cd02b1b0cf0d9bf3e2f2b53bf3d7","Institute of Public Health, College of Medicine and Health Sciences, United Arab Emirates University, PO Box 17666, Al Ain, United Arab Emirates; College of Medicine, Mohammed Bin Rashid University of Medicine and Health Sciences, Dubai, PO Box 505055, Dubai, United Arab Emirates; Department of Microbiology and Immunology, College of Medicine and Health Sciences, United Arab Emirates University, PO Box 17666, Al Ain, United Arab Emirates","Al Alkeem, F., Institute of Public Health, College of Medicine and Health Sciences, United Arab Emirates University, PO Box 17666, Al Ain, United Arab Emirates; Loney, T., College of Medicine, Mohammed Bin Rashid University of Medicine and Health Sciences, Dubai, PO Box 505055, Dubai, United Arab Emirates; Aziz, F., Institute of Public Health, College of Medicine and Health Sciences, United Arab Emirates University, PO Box 17666, Al Ain, United Arab Emirates; Blair, I., Institute of Public Health, College of Medicine and Health Sciences, United Arab Emirates University, PO Box 17666, Al Ain, United Arab Emirates; Sonnevend, Á., Department of Microbiology and Immunology, College of Medicine and Health Sciences, United Arab Emirates University, PO Box 17666, Al Ain, United Arab Emirates; Sheek-Hussein, M., Institute of Public Health, College of Medicine and Health Sciences, United Arab Emirates University, PO Box 17666, Al Ain, United Arab Emirates","Sheek-Hussein, M.; Institute of Public Health, PO Box 17666, United Arab Emirates; email: msheekhussein@uaeu.ac.ae",,"Elsevier B.V.",12019712,,IJIDF,"31202907","English","Int. J. Infect. Dis.",Article,"Final","All Open Access, Gold",Scopus,2-s2.0-85068535639
"Harris J.P., Iturriza-Gomara M., Allen D.J., Kelly S., O'Brien S.J.","55740159900;55663205600;23975451500;57205557570;7402355171;","Norovirus strain types found within the second infectious intestinal diseases (IID2) study an analysis of norovirus circulating in the community",2019,"BMC Infectious Diseases","19","1","87","","",,10,"10.1186/s12879-019-3706-z","https://www.scopus.com/inward/record.uri?eid=2-s2.0-85060511944&doi=10.1186%2fs12879-019-3706-z&partnerID=40&md5=bf6121337271b2e211c452637eaf7ac9","University of Liverpool, Instutue of Population Health Sciences, Liverpool, United Kingdom; University of Liverpool, Institute of Global Health, Liverpool, United Kingdom; London School of Hygiene and Tropical Medicine, Liverpool, United Kingdom; NIHR HPRU in Gastrointestinal Infections, Liverpool, United Kingdom; Modelling, Evidence and Policy Research Group, School of Natural and Environmental Sciences, Newcastle University, Newcastle upon Tyne, United Kingdom","Harris, J.P., University of Liverpool, Instutue of Population Health Sciences, Liverpool, United Kingdom, NIHR HPRU in Gastrointestinal Infections, Liverpool, United Kingdom; Iturriza-Gomara, M., University of Liverpool, Institute of Global Health, Liverpool, United Kingdom, NIHR HPRU in Gastrointestinal Infections, Liverpool, United Kingdom; Allen, D.J., London School of Hygiene and Tropical Medicine, Liverpool, United Kingdom, NIHR HPRU in Gastrointestinal Infections, Liverpool, United Kingdom; Kelly, S., University of Liverpool, Institute of Global Health, Liverpool, United Kingdom; O'Brien, S.J., University of Liverpool, Instutue of Population Health Sciences, Liverpool, United Kingdom, NIHR HPRU in Gastrointestinal Infections, Liverpool, United Kingdom, Modelling, Evidence and Policy Research Group, School of Natural and Environmental Sciences, Newcastle University, Newcastle upon Tyne, United Kingdom","Harris, J.P.; University of Liverpool, United Kingdom; email: john.harris@liverpool.ac.uk",,"BioMed Central Ltd.",14712334,,BIDMB,"30683063","English","BMC Infect. Dis.",Article,"Final","All Open Access, Gold, Green",Scopus,2-s2.0-85060511944
"Schmidt M.A., Groom H.C., Naleway A.L., Biggs C., Salas S.B., Shioda K., Marsh Z., Donald J.L., Hall A.J.","55910218000;22957917200;6506058734;36631589700;57203586266;57196089631;57193661990;56094978000;9241843500;","A model for rapid, active surveillance for medically-attended acute gastroenteritis within an integrated health care delivery system",2018,"PLoS ONE","13","8","e0201805","","",,9,"10.1371/journal.pone.0201805","https://www.scopus.com/inward/record.uri?eid=2-s2.0-85052390281&doi=10.1371%2fjournal.pone.0201805&partnerID=40&md5=7fa6bb61d38d43af46364880f3f79b1d","Center for Health Research, Kaiser Permanente Northwest, Portland, OR, United States; Oregon State Public Health Laboratory, Public Health Division, Oregon Health Authority, Hillsboro, OR, United States; Division of Viral Diseases, Centers for Disease Control and Prevention, Atlanta, GA, United States","Schmidt, M.A., Center for Health Research, Kaiser Permanente Northwest, Portland, OR, United States; Groom, H.C., Center for Health Research, Kaiser Permanente Northwest, Portland, OR, United States; Naleway, A.L., Center for Health Research, Kaiser Permanente Northwest, Portland, OR, United States; Biggs, C., Oregon State Public Health Laboratory, Public Health Division, Oregon Health Authority, Hillsboro, OR, United States; Salas, S.B., Center for Health Research, Kaiser Permanente Northwest, Portland, OR, United States; Shioda, K., Division of Viral Diseases, Centers for Disease Control and Prevention, Atlanta, GA, United States; Marsh, Z., Division of Viral Diseases, Centers for Disease Control and Prevention, Atlanta, GA, United States; Donald, J.L., Center for Health Research, Kaiser Permanente Northwest, Portland, OR, United States; Hall, A.J., Division of Viral Diseases, Centers for Disease Control and Prevention, Atlanta, GA, United States","Schmidt, M.A.; Center for Health Research, United States; email: mark.a.schmidt@kpchr.org",,"Public Library of Science",19326203,,POLNC,"30075030","English","PLoS ONE",Article,"Final","All Open Access, Gold",Scopus,2-s2.0-85052390281
"Gaythorpe K.A.M., Trotter C.L., Lopman B., Steele M., Conlan A.J.K.","57200408669;7005753490;6701349763;57191865493;16835956700;","Norovirus transmission dynamics: A modelling review",2018,"Epidemiology and Infection","146","2",,"147","158",,35,"10.1017/S0950268817002692","https://www.scopus.com/inward/record.uri?eid=2-s2.0-85041221359&doi=10.1017%2fS0950268817002692&partnerID=40&md5=b5cf0b3d13b22122f37d800922790c7a","Department of Veterinary Medicine, University of Cambridge, Cambridge, United Kingdom; Department of Epidemiology, Emory University, Atlanta, GA, United States","Gaythorpe, K.A.M., Department of Veterinary Medicine, University of Cambridge, Cambridge, United Kingdom; Trotter, C.L., Department of Veterinary Medicine, University of Cambridge, Cambridge, United Kingdom; Lopman, B., Department of Epidemiology, Emory University, Atlanta, GA, United States; Steele, M., Department of Epidemiology, Emory University, Atlanta, GA, United States; Conlan, A.J.K., Department of Veterinary Medicine, University of Cambridge, Cambridge, United Kingdom","Gaythorpe, K.A.M.; Department of Veterinary Medicine, United Kingdom; email: kamg2@cam.ac.uk",,"Cambridge University Press",09502688,,EPINE,"29268812","English","Epidemiol. Infect.",Review,"Final","All Open Access, Hybrid Gold",Scopus,2-s2.0-85041221359
"Justus B.P., Claudia S., Kathrin S., Daniel M.","57200414521;57200419926;57200412164;57200416303;","Time trends of positivity rates from foodborne pathogen testing in Switzerland, 2003 to 2012",2017,"Swiss Medical Weekly","147","51-52","w14569","","",,1,"10.4414/smw.2017.14569","https://www.scopus.com/inward/record.uri?eid=2-s2.0-85041204452&doi=10.4414%2fsmw.2017.14569&partnerID=40&md5=718cf05e2eac321b691c818039fc5f7e","Swiss Tropical and Public Health Institute, Basel, Switzerland; University of Basel, Switzerland; Socinstrasse 57, P.O. Box, Basel, CH-4002, Switzerland","Justus, B.P., Swiss Tropical and Public Health Institute, Basel, Switzerland, University of Basel, Switzerland; Claudia, S., Swiss Tropical and Public Health Institute, Basel, Switzerland, University of Basel, Switzerland; Kathrin, S., Swiss Tropical and Public Health Institute, Basel, Switzerland, University of Basel, Switzerland; Daniel, M., Swiss Tropical and Public Health Institute, Basel, Switzerland, University of Basel, Switzerland, Socinstrasse 57, P.O. Box, Basel, CH-4002, Switzerland","Daniel, M.; Swiss Tropical and Public Health InstituteSwitzerland; email: daniel.maeusezahl@swis-stph.ch",,"EMH Schweizerischer Arzteverlag AG",14247860,,SMWWA,"29282700","English","Swiss Med. Wkly",Article,"Final","All Open Access, Gold, Green",Scopus,2-s2.0-85041204452
"De Lusignan S., Shinneman S., Yonova I., Van Vlymen J., Elliot A.J., Bolton F., Smith G.E., O'Brien S.","7003334937;57201942010;55341191500;8509343000;8616054400;7006944386;57208433940;57208699804;","An ontology to improve transparency in case definition and increase case finding of infectious intestinal disease: Database study in english general practice",2017,"JMIR Medical Informatics","5","3","e34","","",,9,"10.2196/medinform.7641","https://www.scopus.com/inward/record.uri?eid=2-s2.0-85048851836&doi=10.2196%2fmedinform.7641&partnerID=40&md5=9c0213563bea523f926b50dc73c930a2","Section of Clinical Medicine and Ageing, Department of Clinical and Experimental Medicine, University of Surrey, Guildford, United Kingdom; Royal College of General Practitioners, Research and Surveillance Centre, London, United Kingdom; Real-time Syndromic Surveillance Team, National Infection Service, Public Health England, Birmingham, United Kingdom; Epidemiology and Population Health, University of Liverpool, Liverpool, United Kingdom; Institute of Psychology Health and Society, University of Liverpool, Liverpool, United Kingdom","De Lusignan, S., Section of Clinical Medicine and Ageing, Department of Clinical and Experimental Medicine, University of Surrey, Guildford, United Kingdom, Royal College of General Practitioners, Research and Surveillance Centre, London, United Kingdom; Shinneman, S., Section of Clinical Medicine and Ageing, Department of Clinical and Experimental Medicine, University of Surrey, Guildford, United Kingdom; Yonova, I., Section of Clinical Medicine and Ageing, Department of Clinical and Experimental Medicine, University of Surrey, Guildford, United Kingdom, Royal College of General Practitioners, Research and Surveillance Centre, London, United Kingdom; Van Vlymen, J., Section of Clinical Medicine and Ageing, Department of Clinical and Experimental Medicine, University of Surrey, Guildford, United Kingdom; Elliot, A.J., Real-time Syndromic Surveillance Team, National Infection Service, Public Health England, Birmingham, United Kingdom; Bolton, F., Epidemiology and Population Health, University of Liverpool, Liverpool, United Kingdom; Smith, G.E., Real-time Syndromic Surveillance Team, National Infection Service, Public Health England, Birmingham, United Kingdom; O'Brien, S., Institute of Psychology Health and Society, University of Liverpool, Liverpool, United Kingdom","De Lusignan, S.; Section of Clinical Medicine and Ageing, United Kingdom; email: s.lusignan@surrey.ac.uk",,"JMIR Publications Inc.",22919694,,,,"English","JMIR Med. Inform.",Article,"Final","All Open Access, Gold, Green",Scopus,2-s2.0-85048851836
"Rose T.C., Adams N.L., Barr B., Hawker J., O'Brien S.J., Violato M., Whitehead M., Taylor-Robinson D.C.","56710965100;56061497200;50261023500;7005311085;7402355171;33867792000;7201719460;23475904400;","Socioeconomic status is associated with symptom severity and sickness absence in people with infectious intestinal disease in the UK",2017,"BMC Infectious Diseases","17","1","447","","",,14,"10.1186/s12879-017-2551-1","https://www.scopus.com/inward/record.uri?eid=2-s2.0-85021192000&doi=10.1186%2fs12879-017-2551-1&partnerID=40&md5=7a59898a5ea1c11ff2c6ad9f53f09826","NIHR Health Protection Research Unit in Gastrointestinal Infections, Liverpool, United Kingdom; University of Liverpool, Department of Public Health and Policy, Liverpool, United Kingdom; Public Health England, National Infection Service, London/Birmingham, United Kingdom; University of Oxford, Health Economics Research Centre, Oxford, United Kingdom; University of Liverpool, Department of Public Health and Policy Institute of Psychology, Health and Society, Whelan Building, Liverpool, L69 3GB, United Kingdom","Rose, T.C., NIHR Health Protection Research Unit in Gastrointestinal Infections, Liverpool, United Kingdom, University of Liverpool, Department of Public Health and Policy, Liverpool, United Kingdom, University of Liverpool, Department of Public Health and Policy Institute of Psychology, Health and Society, Whelan Building, Liverpool, L69 3GB, United Kingdom; Adams, N.L., NIHR Health Protection Research Unit in Gastrointestinal Infections, Liverpool, United Kingdom, University of Liverpool, Department of Public Health and Policy, Liverpool, United Kingdom, Public Health England, National Infection Service, London/Birmingham, United Kingdom; Barr, B., NIHR Health Protection Research Unit in Gastrointestinal Infections, Liverpool, United Kingdom, University of Liverpool, Department of Public Health and Policy, Liverpool, United Kingdom; Hawker, J., NIHR Health Protection Research Unit in Gastrointestinal Infections, Liverpool, United Kingdom, Public Health England, National Infection Service, London/Birmingham, United Kingdom; O'Brien, S.J., NIHR Health Protection Research Unit in Gastrointestinal Infections, Liverpool, United Kingdom, University of Liverpool, Department of Public Health and Policy, Liverpool, United Kingdom; Violato, M., NIHR Health Protection Research Unit in Gastrointestinal Infections, Liverpool, United Kingdom, University of Oxford, Health Economics Research Centre, Oxford, United Kingdom; Whitehead, M., NIHR Health Protection Research Unit in Gastrointestinal Infections, Liverpool, United Kingdom, University of Liverpool, Department of Public Health and Policy, Liverpool, United Kingdom; Taylor-Robinson, D.C., NIHR Health Protection Research Unit in Gastrointestinal Infections, Liverpool, United Kingdom, University of Liverpool, Department of Public Health and Policy, Liverpool, United Kingdom","Rose, T.C.; NIHR Health Protection Research Unit in Gastrointestinal InfectionsUnited Kingdom; email: Tanith.Rose@liverpool.ac.uk",,"BioMed Central Ltd.",14712334,,BIDMB,"28645256","English","BMC Infect. Dis.",Article,"Final","All Open Access, Gold, Green",Scopus,2-s2.0-85021192000
"Harris J.P., Iturriza-Gomara M., O'Brien S.J.","55740159900;55663205600;7402355171;","Re-assessing the total burden of norovirus circulating in the United Kingdom population",2017,"Vaccine","35","6",,"853","855",,19,"10.1016/j.vaccine.2017.01.009","https://www.scopus.com/inward/record.uri?eid=2-s2.0-85009751198&doi=10.1016%2fj.vaccine.2017.01.009&partnerID=40&md5=da9bff28673a0ae627abdbacc2fc3c97","National Institute for Health Research Health Protection Research Unit (NIHR HPRU) in Gastrointestinal Infections at the University of Liverpool, Liverpool, United Kingdom","Harris, J.P., National Institute for Health Research Health Protection Research Unit (NIHR HPRU) in Gastrointestinal Infections at the University of Liverpool, Liverpool, United Kingdom; Iturriza-Gomara, M., National Institute for Health Research Health Protection Research Unit (NIHR HPRU) in Gastrointestinal Infections at the University of Liverpool, Liverpool, United Kingdom; O'Brien, S.J., National Institute for Health Research Health Protection Research Unit (NIHR HPRU) in Gastrointestinal Infections at the University of Liverpool, Liverpool, United Kingdom","Harris, J.P.; The Farr Institute@HeRC, 2nd Floor, Block F, Waterhouse Buildings, 1-5 Brownlow Street, United Kingdom; email: john.harris@liverpool.ac.uk",,"Elsevier Ltd",0264410X,,VACCD,"28094075","English","Vaccine",Article,"Final","All Open Access, Hybrid Gold, Green",Scopus,2-s2.0-85009751198
"Zarebski A.E., Dawson P., McCaw J.M., Moss R.","57160212700;50660969600;21735020500;28167595000;","Model selection for seasonal influenza forecasting",2017,"Infectious Disease Modelling","2","1",,"56","70",,13,"10.1016/j.idm.2016.12.004","https://www.scopus.com/inward/record.uri?eid=2-s2.0-85041782521&doi=10.1016%2fj.idm.2016.12.004&partnerID=40&md5=2aa3eb049a4fb684a13873495cef4672","School of Mathematics and Statistics, The University of Melbourne, Melbourne, Australia; Land Personnel Protection Branch, Land Division, Defence Science and Technology Organisation, Melbourne, Australia; Centre for Epidemiology and Biostatistics, Melbourne School of Population and Global Health, The University of Melbourne, Melbourne, Australia; Modelling & Simulation, Murdoch Childrens Research Institute, Royal Childrens Hospital, Melbourne, Australia","Zarebski, A.E., School of Mathematics and Statistics, The University of Melbourne, Melbourne, Australia; Dawson, P., Land Personnel Protection Branch, Land Division, Defence Science and Technology Organisation, Melbourne, Australia; McCaw, J.M., School of Mathematics and Statistics, The University of Melbourne, Melbourne, Australia, Centre for Epidemiology and Biostatistics, Melbourne School of Population and Global Health, The University of Melbourne, Melbourne, Australia, Modelling & Simulation, Murdoch Childrens Research Institute, Royal Childrens Hospital, Melbourne, Australia; Moss, R., Centre for Epidemiology and Biostatistics, Melbourne School of Population and Global Health, The University of Melbourne, Melbourne, Australia","Moss, R.; Centre for Epidemiology and Biostatistics, Australia",,"KeAi Communications Co.",24680427,,,,"English","Infect. Dis. Modelling",Article,"Final","All Open Access, Gold, Green",Scopus,2-s2.0-85041782521
"Moss R., Zarebski A., Dawson P., McCaw J.M.","28167595000;57160212700;50660969600;21735020500;","Retrospective forecasting of the 2010-2014 Melbourne influenza seasons using multiple surveillance systems",2017,"Epidemiology and Infection","145","1",,"156","169",,19,"10.1017/S0950268816002053","https://www.scopus.com/inward/record.uri?eid=2-s2.0-84988699151&doi=10.1017%2fS0950268816002053&partnerID=40&md5=e87f415cdd216f0db8219313db8db1f2","Centre for Epidemiology and Biostatistics, Melbourne School of Population and Global Health, The University of Melbourne, Melbourne, Australia; School of Mathematics and Statistics, The University of Melbourne, Melbourne, Australia; Land Personnel Protection Branch, Land Division, Defence Science and Technology Group, Melbourne, Australia; Modelling and Simulation, Murdoch Children's Research Institute, Royal Children's Hospital, Melbourne, Australia","Moss, R., Centre for Epidemiology and Biostatistics, Melbourne School of Population and Global Health, The University of Melbourne, Melbourne, Australia; Zarebski, A., School of Mathematics and Statistics, The University of Melbourne, Melbourne, Australia; Dawson, P., Land Personnel Protection Branch, Land Division, Defence Science and Technology Group, Melbourne, Australia; McCaw, J.M., Centre for Epidemiology and Biostatistics, Melbourne School of Population and Global Health, The University of Melbourne, Melbourne, Australia, School of Mathematics and Statistics, The University of Melbourne, Melbourne, Australia, Modelling and Simulation, Murdoch Children's Research Institute, Royal Children's Hospital, Melbourne, Australia","Moss, R.; Centre for Epidemiology and Biostatistics, Australia; email: rgmoss@unimelb.edu.au",,"Cambridge University Press",09502688,,EPINE,"27671159","English","Epidemiol. Infect.",Article,"Final","All Open Access, Bronze, Green",Scopus,2-s2.0-84988699151
"Van Rensburg M.J.J., Swift C., Cody A.J., Jenkins C., Maiden M.C.J.","55353184900;8067343900;7006395385;7201639375;7006019693;","Exploiting bacterial whole-genome sequencing data for evaluation of diagnostic assays: Campylobacter species identification as a case study",2016,"Journal of Clinical Microbiology","54","12",,"2882","2890",,13,,"https://www.scopus.com/inward/record.uri?eid=2-s2.0-84997776926&partnerID=40&md5=243a847aecf39a211188caba696cc82e","Department of Zoology, University of Oxford, Oxford, United Kingdom; NIHR Health Protection Research Unit in Gastrointestinal Infections, University of Oxford, Oxford, United Kingdom; Gastrointestinal Bacteria Reference Unit, Public Health England, London, United Kingdom","Van Rensburg, M.J.J., Department of Zoology, University of Oxford, Oxford, United Kingdom, NIHR Health Protection Research Unit in Gastrointestinal Infections, University of Oxford, Oxford, United Kingdom; Swift, C., NIHR Health Protection Research Unit in Gastrointestinal Infections, University of Oxford, Oxford, United Kingdom, Gastrointestinal Bacteria Reference Unit, Public Health England, London, United Kingdom; Cody, A.J., Department of Zoology, University of Oxford, Oxford, United Kingdom, NIHR Health Protection Research Unit in Gastrointestinal Infections, University of Oxford, Oxford, United Kingdom; Jenkins, C., NIHR Health Protection Research Unit in Gastrointestinal Infections, University of Oxford, Oxford, United Kingdom, Gastrointestinal Bacteria Reference Unit, Public Health England, London, United Kingdom; Maiden, M.C.J., Department of Zoology, University of Oxford, Oxford, United Kingdom, NIHR Health Protection Research Unit in Gastrointestinal Infections, University of Oxford, Oxford, United Kingdom","Maiden, M.C.J.; Department of Zoology, United Kingdom; email: martin.maiden@zoo.ox.ac.uk",,"American Society for Microbiology",00951137,,JCMID,"27733632","English","J. Clin. Microbiol.",Article,"Final","",Scopus,2-s2.0-84997776926
"O'Brien S.J., Larose T.L., Adak G.K., Evans M.R., Tam C.C.","7402355171;59121113600;56404409100;35232918600;7201444738;","Modelling study to estimate the health burden of foodborne diseases: Cases, general practice consultations and hospitalisations in the UK, 2009",2016,"BMJ Open","6","9","e011119","","",,25,"10.1136/bmjopen-2016-011119","https://www.scopus.com/inward/record.uri?eid=2-s2.0-84988355039&doi=10.1136%2fbmjopen-2016-011119&partnerID=40&md5=e4107afe5fdb43ca30f5d892df1d10a0","University of Liverpool, Institute of Infection and Global Health, Liverpool, United Kingdom; NIHR, Health Protection Research Unit in Gastrointestinal Infections, University of Liverpool, Liverpool, United Kingdom; Department of Infectious Disease Epidemiology, London School of Hygiene and Tropical Medicine, London, United Kingdom; Department of Public Health and General Practice, Norwegian University of Science and Technology, Trondheim, Norway; Department of Gastrointestinal, Emerging and Zoonotic Infections, Public Health England Centre for Infectious Disease Surveillance and Control, London, United Kingdom; Institute of Primary Care and Public Health, Cardiff University, Cardiff, United Kingdom; Saw Swee Hock School of Public Health, National University of Singapore, Singapore, Singapore","O'Brien, S.J., University of Liverpool, Institute of Infection and Global Health, Liverpool, United Kingdom, NIHR, Health Protection Research Unit in Gastrointestinal Infections, University of Liverpool, Liverpool, United Kingdom; Larose, T.L., Department of Infectious Disease Epidemiology, London School of Hygiene and Tropical Medicine, London, United Kingdom, Department of Public Health and General Practice, Norwegian University of Science and Technology, Trondheim, Norway; Adak, G.K., Department of Gastrointestinal, Emerging and Zoonotic Infections, Public Health England Centre for Infectious Disease Surveillance and Control, London, United Kingdom; Evans, M.R., Institute of Primary Care and Public Health, Cardiff University, Cardiff, United Kingdom; Tam, C.C., Department of Infectious Disease Epidemiology, London School of Hygiene and Tropical Medicine, London, United Kingdom, Saw Swee Hock School of Public Health, National University of Singapore, Singapore, Singapore","O'Brien, S.J.; University of Liverpool, United Kingdom; email: s.j.obrien@liverpool.ac.uk",,"BMJ Publishing Group",20446055,,,"27625054","English","BMJ Open",Article,"Final","All Open Access, Gold",Scopus,2-s2.0-84988355039
"Allen D.J., Trainor E., Callaghan A., O'Brien S.J., Cunliffe N.A., Iturriza-Gómara M.","23975451500;55340728900;57190089675;7402355171;7003269879;55663205600;","Early detection of epidemic GII-4 norovirus strains in UK and Malawi: Role of surveillance of sporadic acute gastroenteritis in anticipating global epidemics",2016,"PLoS ONE","11","4","e0146972","","",,23,"10.1371/journal.pone.0146972","https://www.scopus.com/inward/record.uri?eid=2-s2.0-84964723564&doi=10.1371%2fjournal.pone.0146972&partnerID=40&md5=0ffa10a604d2feab36ccac8808d96e07","Virus Reference Department, Public Health England, London, United Kingdom; Department of Clinical Infection, Microbiology and Immunology, Institute of Infection and Global Health, University of Liverpool, Liverpool, United Kingdom; Pathogen Molecular Biology Unit, London School of Hygiene and Tropical Medicine, London, United Kingdom; Department of Epidemiology and Public Health, Institute of Infection and Global Health, University of Liverpool, Liverpool, United Kingdom; NIHR Health Protection Research Unit in Gastrointestinal Infections, University of Liverpool, United Kingdom; St Helens and Knowsley Teaching Hospitals NHS Trust, Liverpool, United Kingdom","Allen, D.J., Virus Reference Department, Public Health England, London, United Kingdom, NIHR Health Protection Research Unit in Gastrointestinal Infections, University of Liverpool, United Kingdom; Trainor, E., Department of Clinical Infection, Microbiology and Immunology, Institute of Infection and Global Health, University of Liverpool, Liverpool, United Kingdom, St Helens and Knowsley Teaching Hospitals NHS Trust, Liverpool, United Kingdom; Callaghan, A., Virus Reference Department, Public Health England, London, United Kingdom, Pathogen Molecular Biology Unit, London School of Hygiene and Tropical Medicine, London, United Kingdom; O'Brien, S.J., Department of Epidemiology and Public Health, Institute of Infection and Global Health, University of Liverpool, Liverpool, United Kingdom, NIHR Health Protection Research Unit in Gastrointestinal Infections, University of Liverpool, United Kingdom; Cunliffe, N.A., Department of Clinical Infection, Microbiology and Immunology, Institute of Infection and Global Health, University of Liverpool, Liverpool, United Kingdom; Iturriza-Gómara, M., Department of Clinical Infection, Microbiology and Immunology, Institute of Infection and Global Health, University of Liverpool, Liverpool, United Kingdom, NIHR Health Protection Research Unit in Gastrointestinal Infections, University of Liverpool, United Kingdom",,,"Public Library of Science",19326203,,POLNC,"27115152","English","PLoS ONE",Article,"Final","All Open Access, Gold, Green",Scopus,2-s2.0-84964723564
"O'Brien S.J., Donaldson A.L., Iturriza-Gomara M., Tam C.C.","7402355171;57188592332;55663205600;7201444738;","Age-Specific Incidence Rates for Norovirus in the Community and Presenting to Primary Healthcare Facilities in the United Kingdom",2016,"Journal of Infectious Diseases","213",,,"S15","S18",,35,"10.1093/infdis/jiv411","https://www.scopus.com/inward/record.uri?eid=2-s2.0-84961859247&doi=10.1093%2finfdis%2fjiv411&partnerID=40&md5=894f8da3fa33d990be04a0bf6a3a5c02","NIHR Health Protection Research Unit in Gastrointestinal Infections, University of Liverpool, Waterhouse Buildings, 1-5 Brownlow St, Liverpool, L69 3GL, United Kingdom; Epidemiology and Population Health, United Kingdom; Clinical Infection, Microbiology, and Immunology, University of Liverpool Institute of Infection and Global Health, United Kingdom; Farr Institute at HeRC, Liverpool, United Kingdom; Saw Swee Hock School of Public Health, National University of Singapore, Singapore, Singapore","O'Brien, S.J., NIHR Health Protection Research Unit in Gastrointestinal Infections, University of Liverpool, Waterhouse Buildings, 1-5 Brownlow St, Liverpool, L69 3GL, United Kingdom, Epidemiology and Population Health, United Kingdom, Farr Institute at HeRC, Liverpool, United Kingdom; Donaldson, A.L., NIHR Health Protection Research Unit in Gastrointestinal Infections, University of Liverpool, Waterhouse Buildings, 1-5 Brownlow St, Liverpool, L69 3GL, United Kingdom, Epidemiology and Population Health, United Kingdom; Iturriza-Gomara, M., NIHR Health Protection Research Unit in Gastrointestinal Infections, University of Liverpool, Waterhouse Buildings, 1-5 Brownlow St, Liverpool, L69 3GL, United Kingdom, Clinical Infection, Microbiology, and Immunology, University of Liverpool Institute of Infection and Global Health, United Kingdom; Tam, C.C., Saw Swee Hock School of Public Health, National University of Singapore, Singapore, Singapore","O'Brien, S.J.; NIHR Health Protection Research Unit in Gastrointestinal Infections, Waterhouse Buildings, 1-5 Brownlow St, United Kingdom; email: s.j.obrien@Liverpool.ac.uk",,"Oxford University Press",00221899,,JIDIA,"26744427","English","J. Infect. Dis.",Article,"Final","All Open Access, Bronze, Green",Scopus,2-s2.0-84961859247
"Viviani L., Van Der Es M., Irvine L., Tam C.C., Rodrigues L.C., Jackson K.A., O'Brien S.J., Hunter P.R.","6603481210;55290391200;55138776200;7201444738;7202076151;57220192645;7402355171;17135089100;","Estimating the incidence of acute infectious intestinal disease in the community in the UK: A retrospective telephone survey",2016,"PLoS ONE","11","1","e0146171","","",,12,"10.1371/journal.pone.0146171","https://www.scopus.com/inward/record.uri?eid=2-s2.0-84992343494&doi=10.1371%2fjournal.pone.0146171&partnerID=40&md5=100c9c0cb00c1607bf67504b60c45d48","Department of Infectious Disease Epidemiology, London School of Hygiene and Tropical Medicine, London, United Kingdom; Norwich School of Medicine, University of East Anglia, Norwich, United Kingdom; Institute of Infection and Global Health, Liverpool University, Liverpool, United Kingdom","Viviani, L., Department of Infectious Disease Epidemiology, London School of Hygiene and Tropical Medicine, London, United Kingdom; Van Der Es, M., Norwich School of Medicine, University of East Anglia, Norwich, United Kingdom; Irvine, L., Norwich School of Medicine, University of East Anglia, Norwich, United Kingdom; Tam, C.C., Department of Infectious Disease Epidemiology, London School of Hygiene and Tropical Medicine, London, United Kingdom; Rodrigues, L.C., Department of Infectious Disease Epidemiology, London School of Hygiene and Tropical Medicine, London, United Kingdom; Jackson, K.A., Institute of Infection and Global Health, Liverpool University, Liverpool, United Kingdom; O'Brien, S.J., Institute of Infection and Global Health, Liverpool University, Liverpool, United Kingdom; Hunter, P.R., Norwich School of Medicine, University of East Anglia, Norwich, United Kingdom",,,"Public Library of Science",19326203,,POLNC,"26807916","English","PLoS ONE",Review,"Final","All Open Access, Gold, Green",Scopus,2-s2.0-84992343494
"Atchison C.J., Stowe J., Andrews N., Collins S., Allen D.J., Nawaz S., Brown D., Ramsay M.E., Ladhani S.N.","27367637700;7007077594;7103346572;55568513657;23975451500;36126743500;7407097007;57221367841;57203627482;","Rapid declines in age group-specific rotavirus infection and acute gastroenteritis among vaccinated and unvaccinated individuals within 1 year of rotavirus vaccine introduction in England and Wales",2016,"Journal of Infectious Diseases","213","2",,"243","249",,75,"10.1093/infdis/jiv398","https://www.scopus.com/inward/record.uri?eid=2-s2.0-84959887686&doi=10.1093%2finfdis%2fjiv398&partnerID=40&md5=c98a47b6f8095ca50b05a10fc6aec685","Immunisation, Hepatitis, and Blood Safety Department, Centre for Infectious Disease Surveillance and Control, Public Health England, 61 Colindale Avenue, London, NW9 5EQ, United Kingdom; Virus Reference Department, Centre for Infectious Disease Surveillance and Control, Public Health England, London, United Kingdom; Department of Primary Care and Public Health, Imperial College, London, United Kingdom","Atchison, C.J., Immunisation, Hepatitis, and Blood Safety Department, Centre for Infectious Disease Surveillance and Control, Public Health England, 61 Colindale Avenue, London, NW9 5EQ, United Kingdom, Department of Primary Care and Public Health, Imperial College, London, United Kingdom; Stowe, J., Immunisation, Hepatitis, and Blood Safety Department, Centre for Infectious Disease Surveillance and Control, Public Health England, 61 Colindale Avenue, London, NW9 5EQ, United Kingdom; Andrews, N., Immunisation, Hepatitis, and Blood Safety Department, Centre for Infectious Disease Surveillance and Control, Public Health England, 61 Colindale Avenue, London, NW9 5EQ, United Kingdom; Collins, S., Immunisation, Hepatitis, and Blood Safety Department, Centre for Infectious Disease Surveillance and Control, Public Health England, 61 Colindale Avenue, London, NW9 5EQ, United Kingdom; Allen, D.J., Virus Reference Department, Centre for Infectious Disease Surveillance and Control, Public Health England, London, United Kingdom; Nawaz, S., Virus Reference Department, Centre for Infectious Disease Surveillance and Control, Public Health England, London, United Kingdom; Brown, D., Virus Reference Department, Centre for Infectious Disease Surveillance and Control, Public Health England, London, United Kingdom; Ramsay, M.E., Immunisation, Hepatitis, and Blood Safety Department, Centre for Infectious Disease Surveillance and Control, Public Health England, 61 Colindale Avenue, London, NW9 5EQ, United Kingdom; Ladhani, S.N., Immunisation, Hepatitis, and Blood Safety Department, Centre for Infectious Disease Surveillance and Control, Public Health England, 61 Colindale Avenue, London, NW9 5EQ, United Kingdom","Ladhani, S.N.; Immunisation, 61 Colindale Avenue, United Kingdom",,"Oxford University Press",00221899,,JIDIA,"26232438","English","J. Infect. Dis.",Article,"Final","All Open Access, Bronze",Scopus,2-s2.0-84959887686
"Ackerley L.","28567591600;","The journey of the germ: Commentary on routes of infection and targeted hand hygiene",2015,"Perspectives in Public Health","135","6",,"279","281",,1,"10.1177/1757913915606644","https://www.scopus.com/inward/record.uri?eid=2-s2.0-84946556023&doi=10.1177%2f1757913915606644&partnerID=40&md5=fb9cbd903477ec27340c94939bd9bf7e","Department of Environmental Health, University of Salford, United Kingdom","Ackerley, L., Department of Environmental Health, University of Salford, United Kingdom","Ackerley, L.; Department of Environmental Health, United Kingdom",,"SAGE Publications Ltd",17579139,,,"26543144","English","Perspect. Public Health",Note,"Final","",Scopus,2-s2.0-84946556023
"Hansdotter F.I., Magnusson M., Kuhlmann Berenzon S., Hulth A., Sundstrom K., Hedlund K.O., Andersson Y.","26032166700;57215022338;16444926800;26032602400;55067316800;7005104728;35742620800;","The incidence of acute gastrointestinal illness in Sweden",2015,"Scandinavian Journal of Public Health","43","5",,"540","547",,19,"10.1177/1403494815576787","https://www.scopus.com/inward/record.uri?eid=2-s2.0-84936991564&doi=10.1177%2f1403494815576787&partnerID=40&md5=49279b7e4ba6276e14fd7e95fbb7e78c","Department of Knowledge Development, Public Health Agency of Sweden, Sweden; Department of Computer and Information Science, Linkoping University, Sweden; Department of Monitoring and Evaluation, Public Health Agency of Sweden, Sweden; Institute for Food and Agricultural Economics, Lund University, Sweden; Formerly at Swedish Institute for Communicable Disease Control, Sweden","Hansdotter, F.I., Department of Knowledge Development, Public Health Agency of Sweden, Sweden; Magnusson, M., Department of Computer and Information Science, Linkoping University, Sweden; Kuhlmann Berenzon, S., Department of Monitoring and Evaluation, Public Health Agency of Sweden, Sweden; Hulth, A., Department of Monitoring and Evaluation, Public Health Agency of Sweden, Sweden; Sundstrom, K., Institute for Food and Agricultural Economics, Lund University, Sweden; Hedlund, K.O., Formerly at Swedish Institute for Communicable Disease Control, Sweden; Andersson, Y., Formerly at Swedish Institute for Communicable Disease Control, Sweden","Hulth, A.; Department of Monitoring and Evaluation, Sweden",,,14034948,,,"25969165","English","Scand. J. Public Health",Article,"Final","All Open Access, Hybrid Gold, Green",Scopus,2-s2.0-84936991564
"Jones P.H., Dawson S., Gaskell R.M., Coyne K.P., Tierney Á., Setzkorn C., Radford A.D., Noble P.-J.M.","57209625902;7202901054;7005702877;12801123800;36161597700;8638342800;35339953400;36552939700;","Surveillance of diarrhoea in small animal practice through the Small Animal Veterinary Surveillance Network (SAVSNET)",2014,"Veterinary Journal","201","3",,"412","418",,49,"10.1016/j.tvjl.2014.05.044","https://www.scopus.com/inward/record.uri?eid=2-s2.0-84929322203&doi=10.1016%2fj.tvjl.2014.05.044&partnerID=40&md5=721e386e765c3f35e6b561c7a80dcc72","Institute of Global Health, University of Liverpool, Leahurst Campus, Chester High Road, Neston, Cheshire, CH647TE, United Kingdom; National Consortium for Zoonosis Research, Leahurst Campus, Chester High Road, Neston, Cheshire, CH647TE, United Kingdom; University of Liverpool School of Veterinary Science, Leahurst Campus, Chester High Road, Neston, Cheshire, CH647TE, United Kingdom","Jones, P.H., Institute of Global Health, University of Liverpool, Leahurst Campus, Chester High Road, Neston, Cheshire, CH647TE, United Kingdom, National Consortium for Zoonosis Research, Leahurst Campus, Chester High Road, Neston, Cheshire, CH647TE, United Kingdom; Dawson, S., University of Liverpool School of Veterinary Science, Leahurst Campus, Chester High Road, Neston, Cheshire, CH647TE, United Kingdom; Gaskell, R.M., Institute of Global Health, University of Liverpool, Leahurst Campus, Chester High Road, Neston, Cheshire, CH647TE, United Kingdom; Coyne, K.P., Institute of Global Health, University of Liverpool, Leahurst Campus, Chester High Road, Neston, Cheshire, CH647TE, United Kingdom; Tierney, Á., Institute of Global Health, University of Liverpool, Leahurst Campus, Chester High Road, Neston, Cheshire, CH647TE, United Kingdom; Setzkorn, C., Institute of Global Health, University of Liverpool, Leahurst Campus, Chester High Road, Neston, Cheshire, CH647TE, United Kingdom; Radford, A.D., Institute of Global Health, University of Liverpool, Leahurst Campus, Chester High Road, Neston, Cheshire, CH647TE, United Kingdom; Noble, P.-J.M., University of Liverpool School of Veterinary Science, Leahurst Campus, Chester High Road, Neston, Cheshire, CH647TE, United Kingdom","Noble, P.-J.M.; University of Liverpool School of Veterinary Science, Leahurst Campus, Chester High Road, United Kingdom",,"Bailliere Tindall Ltd",10900233,,VTJRF,"25011707","English","Vet. J.",Article,"Final","",Scopus,2-s2.0-84929322203
"Duncan G.E.","56198024200;","Determining the health benefits of poultry industry compliance measures: The case of campylobacteriosis regulation in New Zealand",2014,"New Zealand Medical Journal","127","1391",,"22","37",,8,,"https://www.scopus.com/inward/record.uri?eid=2-s2.0-84902105209&partnerID=40&md5=ec7ca8baee8d10bca06600b047f96e54","Ministry for Primary Industries, Wellington, New Zealand","Duncan, G.E., Ministry for Primary Industries, Wellington, New Zealand","Duncan, G.E.; Ministry for Primary Industries, 25 The Terrace, New Zealand",,"New Zealand Medical Association",00288446,,NZMJA,"24732250","English","New Zealand Med. J.",Article,"Final","",Scopus,2-s2.0-84902105209
"Gibbons C.L., Mangen M.-J.J., Plass D., Havelaar A.H., Brooke R.J., Kramarz P., Peterson K.L., Stuurman A.L., Cassini A., Fèvre E.M., Kretzschmar M.E.","56029505300;6602698300;57217142114;7006647131;55604879200;7003709117;57190869190;57189596110;55195361600;6602590238;7005173750;","Measuring underreporting and under-ascertainment in infectious disease datasets: A comparison of methods",2014,"BMC Public Health","14","1","147","","",,256,"10.1186/1471-2458-14-147","https://www.scopus.com/inward/record.uri?eid=2-s2.0-84893662203&doi=10.1186%2f1471-2458-14-147&partnerID=40&md5=3779fef68c63f4bf0e17b7403a968773","Centre for Immunity, Infection and Evolution, Ashworth Laboratories, University of Edinburgh, Edinburgh, United Kingdom; Julius Centre for Health Sciences and Primary Care, University Medical Centre Utrecht, Utrecht, Netherlands; Department of Public Health Medicine, School of Public Health, University of Bielefeld, Bielefeld, Germany; Centre for Infectious Disease Control, National Institute for Public Health and the Environment, Bilthoven, Netherlands; Institute for Risk Assessment Sciences, Utrecht University, Utrecht, Netherlands; European Centre for Disease Prevention and Control, Stockholm, Sweden; Pallas, Health Research and Consultancy BV, Rotterdam, Netherlands; International Livestock Research Institute, Nairobi, Kenya; Institute of Infection and Global Health, University of Liverpool, Liverpool, United Kingdom","Gibbons, C.L., Centre for Immunity, Infection and Evolution, Ashworth Laboratories, University of Edinburgh, Edinburgh, United Kingdom; Mangen, M.-J.J., Julius Centre for Health Sciences and Primary Care, University Medical Centre Utrecht, Utrecht, Netherlands; Plass, D., Department of Public Health Medicine, School of Public Health, University of Bielefeld, Bielefeld, Germany; Havelaar, A.H., Centre for Infectious Disease Control, National Institute for Public Health and the Environment, Bilthoven, Netherlands, Institute for Risk Assessment Sciences, Utrecht University, Utrecht, Netherlands; Brooke, R.J., Julius Centre for Health Sciences and Primary Care, University Medical Centre Utrecht, Utrecht, Netherlands; Kramarz, P., European Centre for Disease Prevention and Control, Stockholm, Sweden; Peterson, K.L., Centre for Immunity, Infection and Evolution, Ashworth Laboratories, University of Edinburgh, Edinburgh, United Kingdom; Stuurman, A.L., Centre for Infectious Disease Control, National Institute for Public Health and the Environment, Bilthoven, Netherlands, Pallas, Health Research and Consultancy BV, Rotterdam, Netherlands; Cassini, A., European Centre for Disease Prevention and Control, Stockholm, Sweden; Fèvre, E.M., International Livestock Research Institute, Nairobi, Kenya, Institute of Infection and Global Health, University of Liverpool, Liverpool, United Kingdom; Kretzschmar, M.E., Julius Centre for Health Sciences and Primary Care, University Medical Centre Utrecht, Utrecht, Netherlands, Centre for Infectious Disease Control, National Institute for Public Health and the Environment, Bilthoven, Netherlands","Gibbons, C.L.; Centre for Immunity, Infection and Evolution, , Edinburgh, United Kingdom; email: C.L.Gibbons@sms.ed.ac.uk",,,14712458,,,"24517715","English","BMC Public Health",Article,"Final","All Open Access, Gold",Scopus,2-s2.0-84893662203
"Williams K., Sinclair C., McEwan R., Fleet K., Balasegaram S., Manuel R.","56225944700;57192420055;56225936800;56608220600;6507957511;6603703009;","Impact of the London 2012 olympic and paralympic games on demand for microbiology gastrointestinal diagnostic services at the public health laboratory London",2014,"Journal of Medical Microbiology","63","PART 7",,"968","974",,1,"10.1099/jmm.0.070821-0","https://www.scopus.com/inward/record.uri?eid=2-s2.0-84903130695&doi=10.1099%2fjmm.0.070821-0&partnerID=40&md5=a18370a79288b4ac3d3d3e18841fcc52","Public Health Laboratory London, Public Health England, London, United Kingdom; Field Epidemiology Services Victoria, Public Health England, London, United Kingdom; North East and North Central London Health Protection Team, Public Health England, London, United Kingdom","Williams, K., Public Health Laboratory London, Public Health England, London, United Kingdom; Sinclair, C., Field Epidemiology Services Victoria, Public Health England, London, United Kingdom; McEwan, R., Public Health Laboratory London, Public Health England, London, United Kingdom; Fleet, K., North East and North Central London Health Protection Team, Public Health England, London, United Kingdom; Balasegaram, S., Field Epidemiology Services Victoria, Public Health England, London, United Kingdom; Manuel, R., Public Health Laboratory London, Public Health England, London, United Kingdom","Williams, K.; Public Health Laboratory London, Public Health England, London, United Kingdom; email: kerry.williams1@nhs.net",,"Society for General Microbiology",00222615,,JMMIA,"24809387","English","J. Med. Microbiol.",Article,"Final","All Open Access, Bronze",Scopus,2-s2.0-84903130695
"Grilc E., Socan M.","6506489557;57202562911;","Population based self-reported acute gastrointestinal infection in slovenia: Multiplier study",2014,"Zdravstveno Varstvo","53","2",,"125","132",,4,"10.2478/sjph-2014-0013","https://www.scopus.com/inward/record.uri?eid=2-s2.0-84902471743&doi=10.2478%2fsjph-2014-0013&partnerID=40&md5=35982a746122d1aa1546dc5956fdea25","Institute of Public Health of the Republic of Slovenia, Trubarjeva 2, 1000 Ljubljana, Slovenia","Grilc, E., Institute of Public Health of the Republic of Slovenia, Trubarjeva 2, 1000 Ljubljana, Slovenia; Socan, M., Institute of Public Health of the Republic of Slovenia, Trubarjeva 2, 1000 Ljubljana, Slovenia","Grilc, E.; Institute of Public Health of the Republic of Slovenia, Trubarjeva 2, 1000 Ljubljana, Slovenia; email: eva.grilc@ivz-rs.si",,"Versita",03510026,,,,"English","Zdravstveno Varstvo",Article,"Final","All Open Access, Gold",Scopus,2-s2.0-84902471743
"David J.M., Ravel A., Nesbitt A., Pintar K., Pollari F.","57196057695;7006147654;25653394300;55878950800;6601957251;","Assessing multiple foodborne, waterborne and environmental exposures of healthy people to potential enteric pathogen sources: Effect of age, gender, season, and recall period",2014,"Epidemiology and Infection","142","1",,"28","39",,12,"10.1017/S0950268813000770","https://www.scopus.com/inward/record.uri?eid=2-s2.0-84890121405&doi=10.1017%2fS0950268813000770&partnerID=40&md5=9f49e25eccf24cb81d2f2786f199fe1a","C-EnterNet Surveillance, Laboratory for Foodborne Zoonoses, Public Health Agency of Canada, Université de Montréal, St Hyacinthe, QC, Canada; Groupe de Recherche en Épidémiologie des Zoonoses et Santé Publique, Faculté de Médecine Vétérinaire, Université de Montréal, St Hyacinthe, QC, Canada; C-EnterNet Surveillance, Centre for Food-borne, Environmental and Zoonotic Infectious Diseases, Public Health Agency of Canada, Guelph, ON, Canada; C-EnterNet Surveillance, Laboratory for Foodborne Zoonoses, Public Health Agency of Canada, Guelph, ON, Canada","David, J.M., C-EnterNet Surveillance, Laboratory for Foodborne Zoonoses, Public Health Agency of Canada, Université de Montréal, St Hyacinthe, QC, Canada, Groupe de Recherche en Épidémiologie des Zoonoses et Santé Publique, Faculté de Médecine Vétérinaire, Université de Montréal, St Hyacinthe, QC, Canada; Ravel, A., C-EnterNet Surveillance, Laboratory for Foodborne Zoonoses, Public Health Agency of Canada, Université de Montréal, St Hyacinthe, QC, Canada, Groupe de Recherche en Épidémiologie des Zoonoses et Santé Publique, Faculté de Médecine Vétérinaire, Université de Montréal, St Hyacinthe, QC, Canada; Nesbitt, A., C-EnterNet Surveillance, Centre for Food-borne, Environmental and Zoonotic Infectious Diseases, Public Health Agency of Canada, Guelph, ON, Canada; Pintar, K., C-EnterNet Surveillance, Laboratory for Foodborne Zoonoses, Public Health Agency of Canada, Guelph, ON, Canada; Pollari, F., C-EnterNet Surveillance, Centre for Food-borne, Environmental and Zoonotic Infectious Diseases, Public Health Agency of Canada, Guelph, ON, Canada","David, J.M.; Public Health Agency of Canada, 3200 rue Sicotte, CP5000, St Hyacinthe, QC, J2S 7C6, Canada; email: julie.david@phac-aspc.gc.ca",,,09502688,,EPINE,,"English","Epidemiol. Infect.",Article,"Final","All Open Access, Hybrid Gold, Green",Scopus,2-s2.0-84890121405
"Dalton C.B., Carlson S.J., Butler M.T., Elvidge E., Durrheim D.N.","7101873659;35434598100;55253385400;55253670300;35551260900;","Building influenza surveillance pyramids in near real time, Australia",2013,"Emerging Infectious Diseases","19","11",,"1863","1865",,13,"10.3201/eid1911.121878","https://www.scopus.com/inward/record.uri?eid=2-s2.0-84886994622&doi=10.3201%2feid1911.121878&partnerID=40&md5=8795ac9912189cb2aa98b727a5042761","Hunter New England Population Health, Newcastle, NSW, Australia; Newcastle University, Newcastle, Australia","Dalton, C.B., Hunter New England Population Health, Newcastle, NSW, Australia, Newcastle University, Newcastle, Australia; Carlson, S.J., Hunter New England Population Health, Newcastle, NSW, Australia; Butler, M.T., Hunter New England Population Health, Newcastle, NSW, Australia; Elvidge, E., Hunter New England Population Health, Newcastle, NSW, Australia; Durrheim, D.N., Hunter New England Population Health, Newcastle, NSW, Australia, Newcastle University, Newcastle, Australia","Dalton, C. B.; Hunter New England Population Health, Locked Bag 10, Wallsend, NSW, 2287, Australia; email: craig.dalton@hnehealth.nsw.gov.au",,,10806040,,EIDIF,"24207165","English","Emerg. Infect. Dis.",Article,"Final","All Open Access, Gold",Scopus,2-s2.0-84886994622
"Wilking H., Spitznagel H., Werber D., Lange C., Jansen A., Stark K.","24342297200;6603403122;36877923900;7202366574;35229760800;7103319690;","Acute gastrointestinal illness in adults in Germany: A population-based telephone survey",2013,"Epidemiology and Infection","141","11",,"2365","2375",,35,"10.1017/S0950268813000046","https://www.scopus.com/inward/record.uri?eid=2-s2.0-84885073725&doi=10.1017%2fS0950268813000046&partnerID=40&md5=ab0213ec92071cb096248204747048c0","Department for Infectious Disease Epidemiology, Robert Koch Institute, Gastrointestinal Infections, Zoonoses and Tropical Infections, DGZ-Ring 1, 13086 Berlin, Germany; Department of Epidemiology and Health Reporting, Robert Koch Institute, Berlin, Germany; Scientific Advice Coordination Section, European Centre for Disease Prevention and Control, Stockholm, Sweden","Wilking, H., Department for Infectious Disease Epidemiology, Robert Koch Institute, Gastrointestinal Infections, Zoonoses and Tropical Infections, DGZ-Ring 1, 13086 Berlin, Germany; Spitznagel, H., Department for Infectious Disease Epidemiology, Robert Koch Institute, Gastrointestinal Infections, Zoonoses and Tropical Infections, DGZ-Ring 1, 13086 Berlin, Germany; Werber, D., Department for Infectious Disease Epidemiology, Robert Koch Institute, Gastrointestinal Infections, Zoonoses and Tropical Infections, DGZ-Ring 1, 13086 Berlin, Germany; Lange, C., Department of Epidemiology and Health Reporting, Robert Koch Institute, Berlin, Germany; Jansen, A., Department for Infectious Disease Epidemiology, Robert Koch Institute, Gastrointestinal Infections, Zoonoses and Tropical Infections, DGZ-Ring 1, 13086 Berlin, Germany, Scientific Advice Coordination Section, European Centre for Disease Prevention and Control, Stockholm, Sweden; Stark, K., Department for Infectious Disease Epidemiology, Robert Koch Institute, Gastrointestinal Infections, Zoonoses and Tropical Infections, DGZ-Ring 1, 13086 Berlin, Germany","Wilking, H.; Department for Infectious Disease Epidemiology, DGZ-Ring 1, 13086 Berlin, Germany; email: WilkingH@rki.de",,,09502688,,EPINE,"23369668","English","Epidemiol. Infect.",Article,"Final","All Open Access, Bronze",Scopus,2-s2.0-84885073725
"Halstead F.D., Lee A.V., Couto-Parada X., Polley S.D., Ling C., Jenkins C., Chalmers R.M., Elwin K., Gray J.J., Iturriza-Gómara M., Wain J., Clark D.A., Bolton F.J., Manuel R.J.","57131044300;7405630310;6508388296;6603599832;8663638700;7201639375;16404723000;6603267454;55736744100;55663205600;35265446800;13004981000;7006944386;6603703009;","Universal extraction method for gastrointestinal pathogens",2013,"Journal of Medical Microbiology","62","PART10",,"1535","1539",,22,"10.1099/jmm.0.058743-0","https://www.scopus.com/inward/record.uri?eid=2-s2.0-84884479721&doi=10.1099%2fjmm.0.058743-0&partnerID=40&md5=97563b4eea8e4cdd715331170c588112","Royal Free London NHS Trust, London, United Kingdom; PHE Microbiology Services, Colindale, London, United Kingdom; PHE Public Health Laboratory London, Barts Health NHS Trust, London, United Kingdom; Burnet Institute, Melbourne, Australia; University College London Hospitals NHS Trust, London, United Kingdom; Cryptosporidium Reference Laboratory, Public Health Wales Microbiology, Swansea, United Kingdom; Norfolk and Norwich University Hospitals NHS Trust, United Kingdom; PHE Public Health Laboratory, Manchester, United Kingdom","Halstead, F.D., Royal Free London NHS Trust, London, United Kingdom, PHE Microbiology Services, Colindale, London, United Kingdom; Lee, A.V., PHE Public Health Laboratory London, Barts Health NHS Trust, London, United Kingdom, Burnet Institute, Melbourne, Australia; Couto-Parada, X., PHE Public Health Laboratory London, Barts Health NHS Trust, London, United Kingdom; Polley, S.D., University College London Hospitals NHS Trust, London, United Kingdom; Ling, C., PHE Public Health Laboratory London, Barts Health NHS Trust, London, United Kingdom; Jenkins, C., PHE Microbiology Services, Colindale, London, United Kingdom; Chalmers, R.M., Cryptosporidium Reference Laboratory, Public Health Wales Microbiology, Swansea, United Kingdom; Elwin, K., Cryptosporidium Reference Laboratory, Public Health Wales Microbiology, Swansea, United Kingdom; Gray, J.J., PHE Microbiology Services, Colindale, London, United Kingdom, Norfolk and Norwich University Hospitals NHS Trust, United Kingdom; Iturriza-Gómara, M., PHE Microbiology Services, Colindale, London, United Kingdom; Wain, J., PHE Microbiology Services, Colindale, London, United Kingdom; Clark, D.A., PHE Public Health Laboratory London, Barts Health NHS Trust, London, United Kingdom; Bolton, F.J., PHE Public Health Laboratory, Manchester, United Kingdom; Manuel, R.J., PHE Public Health Laboratory London, Barts Health NHS Trust, London, United Kingdom","Halstead, F. D.; Royal Free London NHS Trust, London, United Kingdom; email: fenella_halstead@hotmail.co.uk",,,00222615,,JMMIA,"23831766","English","J. Med. Microbiol.",Article,"Final","",Scopus,2-s2.0-84884479721
"Hald T.","7006378756;","Pathogen Updates: Salmonella",2013,"Foodborne Infections and Intoxications",,,,"67","97",,3,"10.1016/B978-0-12-416041-5.00005-6","https://www.scopus.com/inward/record.uri?eid=2-s2.0-84883986333&doi=10.1016%2fB978-0-12-416041-5.00005-6&partnerID=40&md5=5f8367301c1a23acfa24b37e34ee4fbf","National Food Institute, Technical University of Denmark, Denmark","Hald, T., National Food Institute, Technical University of Denmark, Denmark","Hald, T.; National Food Institute, Denmark",,"Elsevier Inc.",,9780124160415,,,"English","Foodborne Infect. and Intox.",Book Chapter,"Final","",Scopus,2-s2.0-84883986333
"Tam C.C., Viviani L., Rodrigues L.C., O'Brien S.J.","7201444738;6603481210;7202076151;7402355171;","The second study of infectious intestinal disease (IID2): Increased rates of recurrent diarrhoea in individuals aged 65 years and above",2013,"BMC Public Health","13","1","739","","",,12,"10.1186/1471-2458-13-739","https://www.scopus.com/inward/record.uri?eid=2-s2.0-84881132144&doi=10.1186%2f1471-2458-13-739&partnerID=40&md5=e9c0fe3acac1072d7b16f1875b45bc54","Department of Infectious Disease Epidemiology, London School of Hygiene and Tropical Medicine, Keppel Street, London WC1E 7HT, United Kingdom; Saw Swee Hock School of Public Health, National University of Singapore, Singapore, Singapore; University of Liverpool Institute of Infection and Global Health, National Consortium for Zoonosis Research, Leahurst Campus, Chester High Road, Neston CH64 7TE, South Wirral, United Kingdom","Tam, C.C., Department of Infectious Disease Epidemiology, London School of Hygiene and Tropical Medicine, Keppel Street, London WC1E 7HT, United Kingdom, Saw Swee Hock School of Public Health, National University of Singapore, Singapore, Singapore; Viviani, L., Department of Infectious Disease Epidemiology, London School of Hygiene and Tropical Medicine, Keppel Street, London WC1E 7HT, United Kingdom; Rodrigues, L.C., Department of Infectious Disease Epidemiology, London School of Hygiene and Tropical Medicine, Keppel Street, London WC1E 7HT, United Kingdom; O'Brien, S.J., University of Liverpool Institute of Infection and Global Health, National Consortium for Zoonosis Research, Leahurst Campus, Chester High Road, Neston CH64 7TE, South Wirral, United Kingdom","Tam, C.C.; Department of Infectious Disease Epidemiology, Keppel Street, London WC1E 7HT, United Kingdom; email: clarence.tam@lshtm.ac.uk",,,14712458,,,"24219653","English","BMC Public Health",Article,"Final","All Open Access, Gold",Scopus,2-s2.0-84881132144
"Hald T.","7006378756;","Pathogen update: Salmonella",2013,"Advances in Microbial Food Safety","1",,,"25","46",,8,"10.1533/9780857098740.2.25","https://www.scopus.com/inward/record.uri?eid=2-s2.0-84903076939&doi=10.1533%2f9780857098740.2.25&partnerID=40&md5=62c171b0fcf37c23cc7853775fa0210a","Technical University of Denmark, National Food Institute, Mørkhøj Bygade 28, Building H, 2860 Søborg, Denmark","Hald, T., Technical University of Denmark, National Food Institute, Mørkhøj Bygade 28, Building H, 2860 Søborg, Denmark","Hald, T.; Technical University of Denmark, Mørkhøj Bygade 28, Building H, 2860 Søborg, Denmark; email: tiha@food.dtu.dk",,"Elsevier Ltd.",,9780857094384,,,"English","Adv. in Microb. Food Saf.",Book Chapter,"Final","",Scopus,2-s2.0-84903076939
"Chattaway M.A., Harris R., Jenkins C., Tam C., Coia J.E., Gray J., Iturriza-Gomara M., Wain J.","15847704100;15073716700;7201639375;7201444738;6604018602;55736744100;55663205600;35265446800;","Investigating the link between the presence of enteroaggregative Escherichia coli and infectious intestinal disease in the United kingdom, 1993 to 1996 and 2008 to 2009",2013,"Eurosurveillance","18","37",,"","",,21,"10.2807/1560-7917.ES2013.18.37.20582","https://www.scopus.com/inward/record.uri?eid=2-s2.0-84884230646&doi=10.2807%2f1560-7917.ES2013.18.37.20582&partnerID=40&md5=bbdcc6bbfa52714b8e6c55bcf66bac44","Gastrointestinal Bacteria Reference Unit, Public Health England, Colindale, London, United Kingdom; Statistics, Modelling and Economics Department, Public Health England, Colindale, United Kingdom; Department of Infectious Disease Epidemiology, London School of Hygiene and Tropical Medicine, United Kingdom; Scottish Salmonella, Shigella and Clostridium difficile Reference Laboratory, Glasgow, United Kingdom; Microbiology, Norwich and Norfolk University hospital, The Norwich Medical School, University of East Anglia, Norfolk, United Kingdom; Clinical Infection, Microbiology and Immunology, University of Liverpool, United Kingdom","Chattaway, M.A., Gastrointestinal Bacteria Reference Unit, Public Health England, Colindale, London, United Kingdom; Harris, R., Statistics, Modelling and Economics Department, Public Health England, Colindale, United Kingdom; Jenkins, C., Gastrointestinal Bacteria Reference Unit, Public Health England, Colindale, London, United Kingdom; Tam, C., Department of Infectious Disease Epidemiology, London School of Hygiene and Tropical Medicine, United Kingdom; Coia, J.E., Scottish Salmonella, Shigella and Clostridium difficile Reference Laboratory, Glasgow, United Kingdom; Gray, J., Microbiology, Norwich and Norfolk University hospital, The Norwich Medical School, University of East Anglia, Norfolk, United Kingdom; Iturriza-Gomara, M., Clinical Infection, Microbiology and Immunology, University of Liverpool, United Kingdom; Wain, J., Gastrointestinal Bacteria Reference Unit, Public Health England, Colindale, London, United Kingdom, Microbiology, Norwich and Norfolk University hospital, The Norwich Medical School, University of East Anglia, Norfolk, United Kingdom",,,"European Centre for Disease Prevention and Control (ECDC)",1025496X,,,"24079400","English","Eurosurveillance",Article,"Final","All Open Access, Gold",Scopus,2-s2.0-84884230646
"Risebro H.L., Breton L., Aird H., Hooper A., Hunter P.R.","22942125400;55342531300;55249641200;55342411500;17135089100;","Contaminated small drinking water supplies and risk of infectious intestinal disease: A prospective cohort study",2012,"PLoS ONE","7","8","e42762","","",,20,"10.1371/journal.pone.0042762","https://www.scopus.com/inward/record.uri?eid=2-s2.0-84865287434&doi=10.1371%2fjournal.pone.0042762&partnerID=40&md5=78dc2dd6eb82dfd154388f55b11a5f0b","Norwich Medical School, University of East Anglia, Norwich, United Kingdom; Food Water and Environment Laboratory, The Norfolk and Norwich University Hospital NHS Trust, Norwich, United Kingdom; Department of Microbiology and Immunology, Hereford County Hospital, Hereford, United Kingdom; Food, Water and Environmental Microbiology, Health Protection Agency, Leeds, United Kingdom","Risebro, H.L., Norwich Medical School, University of East Anglia, Norwich, United Kingdom; Breton, L., Norwich Medical School, University of East Anglia, Norwich, United Kingdom; Aird, H., Food Water and Environment Laboratory, The Norfolk and Norwich University Hospital NHS Trust, Norwich, United Kingdom, Food, Water and Environmental Microbiology, Health Protection Agency, Leeds, United Kingdom; Hooper, A., Department of Microbiology and Immunology, Hereford County Hospital, Hereford, United Kingdom; Hunter, P.R., Norwich Medical School, University of East Anglia, Norwich, United Kingdom","Hunter, P. R.; Norwich Medical School, , Norwich, United Kingdom; email: Paul.Hunter@uea.ac.uk",,,19326203,,,"22936989","English","PLoS ONE",Article,"Final","All Open Access, Gold, Green",Scopus,2-s2.0-84865287434
"Scavia G., Baldinelli F., Busani L., Caprioli A.","24768323900;26645841700;56016923300;7005676643;","The burden of self-reported acute gastrointestinal illness in Italy: A retrospective survey, 2008-2009",2012,"Epidemiology and Infection","140","7",,"1193","1206",,40,"10.1017/S0950268811002020","https://www.scopus.com/inward/record.uri?eid=2-s2.0-84861050864&doi=10.1017%2fS0950268811002020&partnerID=40&md5=639aba4fbf7ca5f3becb8cc923cdf5b0","Istituto Superiore di Sanità, Viale Regina Elena, 299, 00161 Rome, Italy; Istituto Zooprofilattico Sperimentale Delle Venezie, Padua, Italy","Scavia, G., Istituto Superiore di Sanità, Viale Regina Elena, 299, 00161 Rome, Italy; Baldinelli, F., Istituto Superiore di Sanità, Viale Regina Elena, 299, 00161 Rome, Italy; Busani, L., Istituto Superiore di Sanità, Viale Regina Elena, 299, 00161 Rome, Italy, Istituto Zooprofilattico Sperimentale Delle Venezie, Padua, Italy; Caprioli, A., Istituto Superiore di Sanità, Viale Regina Elena, 299, 00161 Rome, Italy","Scavia, G.; Istituto Superiore di Sanità, Viale Regina Elena, 299, 00161 Rome, Italy; email: gaia.scavia@iss.it",,,09502688,,EPINE,"22014077","English","Epidemiol. Infect.",Review,"Final","All Open Access, Hybrid Gold, Green",Scopus,2-s2.0-84861050864
"Baumann-Popczyk A., Sadkowska-Todys M., Rogalska J., Stefanoff P.","50060997400;6602753073;36859985500;6507754402;","Incidence of self-reported acute gastrointestinal infections in the community in Poland: A population-based study",2012,"Epidemiology and Infection","140","7",,"1173","1184",,28,"10.1017/S0950268811001853","https://www.scopus.com/inward/record.uri?eid=2-s2.0-84861028257&doi=10.1017%2fS0950268811001853&partnerID=40&md5=c09592197763142bad7bb077a44805f6","Department of Epidemiology, National Institute of Public Health, National Institute of Hygiene, 24 Chocimska Str., 00-791 Warsaw, Poland","Baumann-Popczyk, A., Department of Epidemiology, National Institute of Public Health, National Institute of Hygiene, 24 Chocimska Str., 00-791 Warsaw, Poland; Sadkowska-Todys, M., Department of Epidemiology, National Institute of Public Health, National Institute of Hygiene, 24 Chocimska Str., 00-791 Warsaw, Poland; Rogalska, J., Department of Epidemiology, National Institute of Public Health, National Institute of Hygiene, 24 Chocimska Str., 00-791 Warsaw, Poland; Stefanoff, P., Department of Epidemiology, National Institute of Public Health, National Institute of Hygiene, 24 Chocimska Str., 00-791 Warsaw, Poland","Stefanoff, P.; Department of Epidemiology, 24 Chocimska Str., 00-791 Warsaw, Poland; email: pstefanoff@pzh.gov.pl",,,09502688,,EPINE,"21923971","English","Epidemiol. Infect.",Review,"Final","All Open Access, Bronze",Scopus,2-s2.0-84861028257
"Tam C.C., O'Brien S.J., Tompkins D.S., Bolton F.J., Berry L., Dodds J., Choudhury D., Halstead F., Iturriza-Gómara M., Mather K., Rait G., Ridge A., Rodrigues L.C., Wain J., Wood B., Gray J.J.","7201444738;7402355171;7006431635;7006944386;55184725500;7005460414;55185000300;57131044300;55663205600;55184907300;6602151058;55184679100;7202076151;35265446800;55185382200;55736744100;","Changes in causes of acute gastroenteritis in the United Kingdom over 15 years: Microbiologic findings from 2 prospective, population-based studies of infectious intestinal disease",2012,"Clinical Infectious Diseases","54","9",,"1275","1286",,132,"10.1093/cid/cis028","https://www.scopus.com/inward/record.uri?eid=2-s2.0-84859762085&doi=10.1093%2fcid%2fcis028&partnerID=40&md5=4d13d00627acae9f12b91e61e2ccd7ab","Department of Infectious Disease Epidemiology, London School of Hygiene and Tropical Medicine, United Kingdom; School of Translational Medicine, University of Manchester, Manchester Academic Health Science Centre, United Kingdom; Health Protection Agency Regional Laboratory, Leeds, United Kingdom; Health Protection Agency Regional Laboratory, Manchester, United Kingdom; Health Protection Agency Centre for Infections, London, United Kingdom; Medical Research Council General Practice Research Framework, United Kingdom; Department of Primary Care and Population Health, University College London, United Kingdom; School of Medicine, Health Policy and Practice, University of East Anglia, Norwich, United Kingdom","Tam, C.C., Department of Infectious Disease Epidemiology, London School of Hygiene and Tropical Medicine, United Kingdom; O'Brien, S.J., School of Translational Medicine, University of Manchester, Manchester Academic Health Science Centre, United Kingdom; Tompkins, D.S., Health Protection Agency Regional Laboratory, Leeds, United Kingdom; Bolton, F.J., Health Protection Agency Regional Laboratory, Manchester, United Kingdom; Berry, L., Health Protection Agency Centre for Infections, London, United Kingdom; Dodds, J., Medical Research Council General Practice Research Framework, United Kingdom; Choudhury, D., Health Protection Agency Centre for Infections, London, United Kingdom; Halstead, F., Health Protection Agency Centre for Infections, London, United Kingdom; Iturriza-Gómara, M., Health Protection Agency Centre for Infections, London, United Kingdom; Mather, K., Health Protection Agency Regional Laboratory, Manchester, United Kingdom; Rait, G., Medical Research Council General Practice Research Framework, United Kingdom, Department of Primary Care and Population Health, University College London, United Kingdom; Ridge, A., Health Protection Agency Regional Laboratory, Manchester, United Kingdom; Rodrigues, L.C., Department of Infectious Disease Epidemiology, London School of Hygiene and Tropical Medicine, United Kingdom; Wain, J., Health Protection Agency Centre for Infections, London, United Kingdom; Wood, B., Health Protection Agency Regional Laboratory, Manchester, United Kingdom; Gray, J.J., Health Protection Agency Centre for Infections, London, United Kingdom, School of Medicine, Health Policy and Practice, University of East Anglia, Norwich, United Kingdom","O'Brien, S.J.; University of Liverpool, Chester High Rd, Neston, CH64 7TE, United Kingdom; email: s.j.obrien@liverpool.ac.uk",,,10584838,,CIDIE,"22412058","English","Clin. Infect. Dis.",Review,"Final","All Open Access, Hybrid Gold, Green",Scopus,2-s2.0-84859762085
"Müller L., Korsgaard H., Ethelberg S.","26024293300;6507233379;6602109048;","Burden of acute gastrointestinal illness in Denmark 2009: A population-based telephone survey",2012,"Epidemiology and Infection","140","2",,"290","298",,48,"10.1017/S0950268811000471","https://www.scopus.com/inward/record.uri?eid=2-s2.0-84455185169&doi=10.1017%2fS0950268811000471&partnerID=40&md5=124cd8d6913cabaac974f25f2d00d7eb","Department of Epidemiology, Statens Serum Institut, Artillerivej 5, DK-2300 Copenhagen S., Denmark; Division of Microbiology and Risk Assessment, National Food Institute, Technical University, Copenhagen, Denmark; Department of Microbiological Surveillance and Research, Statens Serum Institut, Copenhagen, Denmark","Müller, L., Department of Epidemiology, Statens Serum Institut, Artillerivej 5, DK-2300 Copenhagen S., Denmark; Korsgaard, H., Division of Microbiology and Risk Assessment, National Food Institute, Technical University, Copenhagen, Denmark; Ethelberg, S., Department of Epidemiology, Statens Serum Institut, Artillerivej 5, DK-2300 Copenhagen S., Denmark, Department of Microbiological Surveillance and Research, Statens Serum Institut, Copenhagen, Denmark","Ethelberg, S.; Department of Epidemiology, Artillerivej 5, DK-2300 Copenhagen S., Denmark; email: set@ssi.dk",,,09502688,,EPINE,"21470439","English","Epidemiol. Infect.",Article,"Final","All Open Access, Bronze",Scopus,2-s2.0-84455185169
"Tam C.C., Rodrigues L.C., Viviani L., Dodds J.P., Evans M.R., Hunter P.R., Gray J.J., Letley L.H., Rait G., Tompkins D.S., O'Brien S.J.","7201444738;7202076151;6603481210;7005460414;35232918600;17135089100;55736744100;10043716700;6602151058;7006431635;7402355171;","Longitudinal study of infectious intestinal disease in the UK (IID2 study): Incidence in the community and presenting to general practice",2012,"Gut","61","1",,"69","77",,452,"10.1136/gut.2011.238386","https://www.scopus.com/inward/record.uri?eid=2-s2.0-83555177370&doi=10.1136%2fgut.2011.238386&partnerID=40&md5=96cb4e5e26441aedcc61568c5d093f4f","Department of Infectious Disease Epidemiology, Faculty of Epidemiology and Population Health, London School of Hygiene and Tropical Medicine, London WC1- 7HT, United Kingdom; Medical Research Council General Practice Research Framework, University College London, London, United Kingdom; Department of Primary Care and Public Health, Cardiff University, Cardiff, United Kingdom; School of Medicine, Health Policy and Practice, University of East Anglia, Norwich, United Kingdom; Department of Gastrointestinal, Emerging and Zoonotic Infections, Health Protection Agency Centre for Infections, London, United Kingdom; Regional Microbiology Network, Health Protection Agency Yorkshire and the Humber, Leeds Laboratory, Leeds, United Kingdom; School of Translational Medicine, University of Manchester, Manchester Academic Health Science Centre, Manchester, United Kingdom","Tam, C.C., Department of Infectious Disease Epidemiology, Faculty of Epidemiology and Population Health, London School of Hygiene and Tropical Medicine, London WC1- 7HT, United Kingdom; Rodrigues, L.C., Department of Infectious Disease Epidemiology, Faculty of Epidemiology and Population Health, London School of Hygiene and Tropical Medicine, London WC1- 7HT, United Kingdom; Viviani, L., Department of Infectious Disease Epidemiology, Faculty of Epidemiology and Population Health, London School of Hygiene and Tropical Medicine, London WC1- 7HT, United Kingdom; Dodds, J.P., Medical Research Council General Practice Research Framework, University College London, London, United Kingdom; Evans, M.R., Department of Primary Care and Public Health, Cardiff University, Cardiff, United Kingdom; Hunter, P.R., School of Medicine, Health Policy and Practice, University of East Anglia, Norwich, United Kingdom; Gray, J.J., Department of Gastrointestinal, Emerging and Zoonotic Infections, Health Protection Agency Centre for Infections, London, United Kingdom; Letley, L.H., Medical Research Council General Practice Research Framework, University College London, London, United Kingdom; Rait, G., Medical Research Council General Practice Research Framework, University College London, London, United Kingdom; Tompkins, D.S., Regional Microbiology Network, Health Protection Agency Yorkshire and the Humber, Leeds Laboratory, Leeds, United Kingdom; O'Brien, S.J., School of Translational Medicine, University of Manchester, Manchester Academic Health Science Centre, Manchester, United Kingdom","Tam, C.C.; Department of Infectious Disease Epidemiology, , London WC1- 7HT, United Kingdom; email: clarence.tam@lshtm.ac.uk",,,00175749,,GUTTA,"21708822","English","Gut",Article,"Final","All Open Access, Hybrid Gold, Green",Scopus,2-s2.0-83555177370
